Workbook

Sheet 전류·용량 계산표
A1: 대구텍 검사기 F2 #1 — 전류·용량 계산 및 차단기 선정 종합표
A2: ▶ 전체 부하 요약 (상단 자동계산)
A3: 구분 | B3: 총 정격전류 (A) | C3: 안전계수 ×1.25 | D3: 권장 차단기 (A) | E3: 총 부하 (kVA) | F3: 비고
A4: AC 3상 220V 파나소닉 A6 서보드라이버 | B4: =E82 -> 10950 | C4: =B4*1.25 -> 13687.5 | D4: → Sheet4 참조 | E4: → 하단 계산 | F4: → 하단 계산
A5: AC 단상 220V 파스텍 EziServo/EziSpeed | B5: =E99 -> 0 | C5: =B5*1.25 -> 0 | D5: → Sheet4 참조 | E5: → 하단 계산 | F5: → 하단 계산
A6: DC 24V I/O 모듈·센서·솔레노이드 등 | B6: =E107 -> 0 | C6: =B6*1.25 -> 0 | D6: → Sheet4 참조 | E6: → 하단 계산 | F6: → 하단 계산
A7: 기타 부하 HMI·조명·PC 등 | B7: =E114 -> 0 | C7: =B7*1.25 -> 0 | D7: → Sheet4 참조 | E7: → 하단 계산 | F7: → 하단 계산
A9: ▶ R/S/T 상별 전류 편중 분석
B10: R상 (A) | C10: S상 (A) | D10: T상 (A) | E10: 최대-최소 (A) | F10: 불균형률 (%) | G10: 판정 | H10: 기준: 불균형률 10% 이하 권장
A11: AC 3상 서보드라이버
A12: AC 3상 기타
A13: 전체 합계
A15: 판넬 | B15: 축/유닛명 | C15: 드라이버/장치 모델 | D15: 출력 (W) | E15: 정격전류 (A) | F15: 상수 | G15: R상 할당 | H15: S상 할당 | I15: T상 할당 | J15: 운전전류 (A) | K15: 전원 구분 (체크) | O15: 차단기 선정 (A) | P15: 제조사/ 모델 | Q15: 비고 / 수식 설명
K16: AC 3상 220V | L16: AC 단상 220V | M16: DC 24V | N16: 기타
A17: ■ 파나소닉 A6 서보드라이버 (AC 3상 220V) — 대구텍 F2 #1
A18: 판넬1 | B18: LO_Y1 | C18: MDDLN55BL | D18: 1000 | E18: =IFERROR(VLOOKUP(C18,파나소닉A6규격!$A:$C,3,FALSE),IFERROR(VLOOKUP(C18,파스텍EziServo규격!$A:$C,3,FALSE),"")) -> 1000 | F18: 3 | G18: 1 | H18: 1 | I18: 1 | J18: =IF(E18="","",E18*0.7) -> 700 | K18: ● | Q18: LO 로딩 Y축
A19: 판넬1 | B19: LO_X1 | C19: MCDLN35BL | D19: 750 | E19: =IFERROR(VLOOKUP(C19,파나소닉A6규격!$A:$C,3,FALSE),IFERROR(VLOOKUP(C19,파스텍EziServo규격!$A:$C,3,FALSE),"")) -> 750 | F19: 3 | G19: 1 | H19: 1 | I19: 1 | J19: =IF(E19="","",E19*0.7) -> 525 | K19: ● | Q19: LO 로딩 X축
A20: 판넬1 | B20: LO_Z1 | C20: MADLN05BE | D20: 50 | E20: =IFERROR(VLOOKUP(C20,파나소닉A6규격!$A:$C,3,FALSE),IFERROR(VLOOKUP(C20,파스텍EziServo규격!$A:$C,3,FALSE),"")) -> 50 | F20: 3 | G20: 1 | H20: 1 | I20: 1 | J20: =IF(E20="","",E20*0.7) -> 35 | K20: ● | Q20: LO 로딩 Z축
A21: 판넬1 | B21: ULO_Y1 | C21: MCDLN35BL | D21: 750 | E21: =IFERROR(VLOOKUP(C21,파나소닉A6규격!$A:$C,3,FALSE),IFERROR(VLOOKUP(C21,파스텍EziServo규격!$A:$C,3,FALSE),"")) -> 750 | F21: 3 | G21: 1 | H21: 1 | I21: 1 | J21: =IF(E21="","",E21*0.7) -> 525 | K21: ● | Q21: ULO 언로딩 Y축
A22: 판넬1 | B22: ULO_X1 | C22: MCDLN35BL | D22: 750 | E22: =IFERROR(VLOOKUP(C22,파나소닉A6규격!$A:$C,3,FALSE),IFERROR(VLOOKUP(C22,파스텍EziServo규격!$A:$C,3,FALSE),"")) -> 750 | F22: 3 | G22: 1 | H22: 1 | I22: 1 | J22: =IF(E22="","",E22*0.7) -> 525 | K22: ● | Q22: ULO 언로딩 X축
A23: 판넬1 | B23: ULO_Z1 | C23: MADLN05BE | D23: 50 | E23: =IFERROR(VLOOKUP(C23,파나소닉A6규격!$A:$C,3,FALSE),IFERROR(VLOOKUP(C23,파스텍EziServo규격!$A:$C,3,FALSE),"")) -> 50 | F23: 3 | G23: 1 | H23: 1 | I23: 1 | J23: =IF(E23="","",E23*0.7) -> 35 | K23: ● | Q23: ULO 언로딩 Z축
A24: 판넬1 | B24: NG_EV | C24: MCDLN35BE | D24: 750 | E24: =IFERROR(VLOOKUP(C24,파나소닉A6규격!$A:$C,3,FALSE),IFERROR(VLOOKUP(C24,파스텍EziServo규격!$A:$C,3,FALSE),"")) -> 750 | F24: 3 | G24: 1 | H24: 1 | I24: 1 | J24: =IF(E24="","",E24*0.7) -> 525 | K24: ● | Q24: NG 이젝터 (Brake 내장)
A25: 판넬1 | B25: NG_FD | C25: MADLN05BE | D25: 50 | E25: =IFERROR(VLOOKUP(C25,파나소닉A6규격!$A:$C,3,FALSE),IFERROR(VLOOKUP(C25,파스텍EziServo규격!$A:$C,3,FALSE),"")) -> 50 | F25: 3 | G25: 1 | H25: 1 | I25: 1 | J25: =IF(E25="","",E25*0.7) -> 35 | K25: ● | Q25: NG 피더
A26: 판넬1 | B26: NG_FD_Z | C26: MBDLN25BE | D26: 400 | E26: =IFERROR(VLOOKUP(C26,파나소닉A6규격!$A:$C,3,FALSE),IFERROR(VLOOKUP(C26,파스텍EziServo규격!$A:$C,3,FALSE),"")) -> 400 | F26: 3 | G26: 1 | H26: 1 | I26: 1 | J26: =IF(E26="","",E26*0.7) -> 280 | K26: ● | Q26: NG 피더 Z축
A27: 판넬1 | B27: NG_FD_ALIGN | C27: MADLN05BE | D27: 50 | E27: =IFERROR(VLOOKUP(C27,파나소닉A6규격!$A:$C,3,FALSE),IFERROR(VLOOKUP(C27,파스텍EziServo규격!$A:$C,3,FALSE),"")) -> 50 | F27: 3 | G27: 1 | H27: 1 | I27: 1 | J27: =IF(E27="","",E27*0.7) -> 35 | K27: ● | Q27: NG 정렬
A28: 판넬1 | B28: NG_FD_INDEX | C28: MBDLN25BE | D28: 400 | E28: =IFERROR(VLOOKUP(C28,파나소닉A6규격!$A:$C,3,FALSE),IFERROR(VLOOKUP(C28,파스텍EziServo규격!$A:$C,3,FALSE),"")) -> 400 | F28: 3 | G28: 1 | H28: 1 | I28: 1 | J28: =IF(E28="","",E28*0.7) -> 280 | K28: ● | Q28: NG 인덱스
A29: 판넬1 | B29: JIG_ULO_Y | C29: MADLN05BE | D29: 50 | E29: =IFERROR(VLOOKUP(C29,파나소닉A6규격!$A:$C,3,FALSE),IFERROR(VLOOKUP(C29,파스텍EziServo규격!$A:$C,3,FALSE),"")) -> 50 | F29: 3 | G29: 1 | H29: 1 | I29: 1 | J29: =IF(E29="","",E29*0.7) -> 35 | K29: ● | Q29: JIG 언로딩 Y
A30: 판넬1 | B30: JIG_ULO_Z | C30: MADLN05BE | D30: 50 | E30: =IFERROR(VLOOKUP(C30,파나소닉A6규격!$A:$C,3,FALSE),IFERROR(VLOOKUP(C30,파스텍EziServo규격!$A:$C,3,FALSE),"")) -> 50 | F30: 3 | G30: 1 | H30: 1 | I30: 1 | J30: =IF(E30="","",E30*0.7) -> 35 | K30: ● | Q30: JIG 언로딩 Z
A31: 판넬2 | B31: GOOD_EV | C31: MCDLN35BE | D31: 750 | E31: =IFERROR(VLOOKUP(C31,파나소닉A6규격!$A:$C,3,FALSE),IFERROR(VLOOKUP(C31,파스텍EziServo규격!$A:$C,3,FALSE),"")) -> 750 | F31: 3 | G31: 1 | H31: 1 | I31: 1 | J31: =IF(E31="","",E31*0.7) -> 525 | K31: ● | Q31: GOOD 이젝터
A32: 판넬2 | B32: GOOD_FD | C32: MADLN05BE | D32: 50 | E32: =IFERROR(VLOOKUP(C32,파나소닉A6규격!$A:$C,3,FALSE),IFERROR(VLOOKUP(C32,파스텍EziServo규격!$A:$C,3,FALSE),"")) -> 50 | F32: 3 | G32: 1 | H32: 1 | I32: 1 | J32: =IF(E32="","",E32*0.7) -> 35 | K32: ● | Q32: GOOD 피더
A33: 판넬2 | B33: GOOD_FD_Z | C33: MBDLN25BE | D33: 400 | E33: =IFERROR(VLOOKUP(C33,파나소닉A6규격!$A:$C,3,FALSE),IFERROR(VLOOKUP(C33,파스텍EziServo규격!$A:$C,3,FALSE),"")) -> 400 | F33: 3 | G33: 1 | H33: 1 | I33: 1 | J33: =IF(E33="","",E33*0.7) -> 280 | K33: ● | Q33: GOOD 피더 Z축
A34: 판넬2 | B34: GOOD_FD_ALIGN | C34: MADLN05BE | D34: 50 | E34: =IFERROR(VLOOKUP(C34,파나소닉A6규격!$A:$C,3,FALSE),IFERROR(VLOOKUP(C34,파스텍EziServo규격!$A:$C,3,FALSE),"")) -> 50 | F34: 3 | G34: 1 | H34: 1 | I34: 1 | J34: =IF(E34="","",E34*0.7) -> 35 | K34: ● | Q34: GOOD 정렬
A35: 판넬2 | B35: GOOD_FD_INDEX | C35: MBDLN25BE | D35: 400 | E35: =IFERROR(VLOOKUP(C35,파나소닉A6규격!$A:$C,3,FALSE),IFERROR(VLOOKUP(C35,파스텍EziServo규격!$A:$C,3,FALSE),"")) -> 400 | F35: 3 | G35: 1 | H35: 1 | I35: 1 | J35: =IF(E35="","",E35*0.7) -> 280 | K35: ● | Q35: GOOD 인덱스
A36: 판넬2 | B36: TURN_Y | C36: MBDLN25BE | D36: 400 | E36: =IFERROR(VLOOKUP(C36,파나소닉A6규격!$A:$C,3,FALSE),IFERROR(VLOOKUP(C36,파스텍EziServo규격!$A:$C,3,FALSE),"")) -> 400 | F36: 3 | G36: 1 | H36: 1 | I36: 1 | J36: =IF(E36="","",E36*0.7) -> 280 | K36: ● | Q36: 턴테이블 Y
A37: 판넬2 | B37: TURN_GRIPPER_Y1 | C37: MADLN15BE | D37: 200 | E37: =IFERROR(VLOOKUP(C37,파나소닉A6규격!$A:$C,3,FALSE),IFERROR(VLOOKUP(C37,파스텍EziServo규격!$A:$C,3,FALSE),"")) -> 200 | F37: 3 | G37: 1 | H37: 1 | I37: 1 | J37: =IF(E37="","",E37*0.7) -> 140 | K37: ● | Q37: 그리퍼1 Y
A38: 판넬2 | B38: TURN_GRIPPER_X1 | C38: MADLN05BE | D38: 50 | E38: =IFERROR(VLOOKUP(C38,파나소닉A6규격!$A:$C,3,FALSE),IFERROR(VLOOKUP(C38,파스텍EziServo규격!$A:$C,3,FALSE),"")) -> 50 | F38: 3 | G38: 1 | H38: 1 | I38: 1 | J38: =IF(E38="","",E38*0.7) -> 35 | K38: ● | Q38: 그리퍼1 X ← 모델 확인 필요
A39: 판넬2 | B39: TURN_GRIPPER_Z1 | C39: MADLN05BE | D39: 50 | E39: =IFERROR(VLOOKUP(C39,파나소닉A6규격!$A:$C,3,FALSE),IFERROR(VLOOKUP(C39,파스텍EziServo규격!$A:$C,3,FALSE),"")) -> 50 | F39: 3 | G39: 1 | H39: 1 | I39: 1 | J39: =IF(E39="","",E39*0.7) -> 35 | K39: ● | Q39: 그리퍼1 Z ← 모델 확인 필요
A40: 판넬2 | B40: TURN_GRIPPER_Y2 | C40: MADLN15BE | D40: 200 | E40: =IFERROR(VLOOKUP(C40,파나소닉A6규격!$A:$C,3,FALSE),IFERROR(VLOOKUP(C40,파스텍EziServo규격!$A:$C,3,FALSE),"")) -> 200 | F40: 3 | G40: 1 | H40: 1 | I40: 1 | J40: =IF(E40="","",E40*0.7) -> 140 | K40: ● | Q40: 그리퍼2 Y
A41: 판넬2 | B41: TURN_GRIPPER_X2 | C41: MADLN05BE | D41: 50 | E41: =IFERROR(VLOOKUP(C41,파나소닉A6규격!$A:$C,3,FALSE),IFERROR(VLOOKUP(C41,파스텍EziServo규격!$A:$C,3,FALSE),"")) -> 50 | F41: 3 | G41: 1 | H41: 1 | I41: 1 | J41: =IF(E41="","",E41*0.7) -> 35 | K41: ● | Q41: 그리퍼2 X ← 모델 확인 필요
A42: 판넬2 | B42: TURN_GRIPPER_Z2 | C42: MADLN05BE | D42: 50 | E42: =IFERROR(VLOOKUP(C42,파나소닉A6규격!$A:$C,3,FALSE),IFERROR(VLOOKUP(C42,파스텍EziServo규격!$A:$C,3,FALSE),"")) -> 50 | F42: 3 | G42: 1 | H42: 1 | I42: 1 | J42: =IF(E42="","",E42*0.7) -> 35 | K42: ● | Q42: 그리퍼2 Z ← 모델 확인 필요
A43: 판넬2 | B43: BOT_MAC_Y | C43: MADLN15BE | D43: 200 | E43: =IFERROR(VLOOKUP(C43,파나소닉A6규격!$A:$C,3,FALSE),IFERROR(VLOOKUP(C43,파스텍EziServo규격!$A:$C,3,FALSE),"")) -> 200 | F43: 3 | G43: 1 | H43: 1 | I43: 1 | J43: =IF(E43="","",E43*0.7) -> 140 | K43: ● | Q43: 하단 매크로 Y
A44: 판넬3 | B44: BOT_MAC_X | D44: 0 | E44: =IFERROR(VLOOKUP(C44,파나소닉A6규격!$A:$C,3,FALSE),IFERROR(VLOOKUP(C44,파스텍EziServo규격!$A:$C,3,FALSE),"")) | F44: 3 | G44: 1 | H44: 1 | I44: 1 | J44: =IF(E44="","",E44*0.7) | K44: ● | Q44: ← 모델 확인 필요
A45: 판넬3 | B45: BOT_MAC_Z | D45: 0 | E45: =IFERROR(VLOOKUP(C45,파나소닉A6규격!$A:$C,3,FALSE),IFERROR(VLOOKUP(C45,파스텍EziServo규격!$A:$C,3,FALSE),"")) | F45: 3 | G45: 1 | H45: 1 | I45: 1 | J45: =IF(E45="","",E45*0.7) | K45: ● | Q45: ← 모델 확인 필요
A46: 판넬3 | B46: BOT_MIC_Y | D46: 0 | E46: =IFERROR(VLOOKUP(C46,파나소닉A6규격!$A:$C,3,FALSE),IFERROR(VLOOKUP(C46,파스텍EziServo규격!$A:$C,3,FALSE),"")) | F46: 3 | G46: 1 | H46: 1 | I46: 1 | J46: =IF(E46="","",E46*0.7) | K46: ● | Q46: ← 모델 확인 필요
A47: 판넬3 | B47: BOT_MIC_X | D47: 0 | E47: =IFERROR(VLOOKUP(C47,파나소닉A6규격!$A:$C,3,FALSE),IFERROR(VLOOKUP(C47,파스텍EziServo규격!$A:$C,3,FALSE),"")) | F47: 3 | G47: 1 | H47: 1 | I47: 1 | J47: =IF(E47="","",E47*0.7) | K47: ● | Q47: ← 모델 확인 필요
A48: 판넬3 | B48: BOT_MIC_Z | D48: 0 | E48: =IFERROR(VLOOKUP(C48,파나소닉A6규격!$A:$C,3,FALSE),IFERROR(VLOOKUP(C48,파스텍EziServo규격!$A:$C,3,FALSE),"")) | F48: 3 | G48: 1 | H48: 1 | I48: 1 | J48: =IF(E48="","",E48*0.7) | K48: ● | Q48: ← 모델 확인 필요
A49: 판넬3 | B49: LO_ATC_X | C49: MADLN15BE | D49: 200 | E49: =IFERROR(VLOOKUP(C49,파나소닉A6규격!$A:$C,3,FALSE),IFERROR(VLOOKUP(C49,파스텍EziServo규격!$A:$C,3,FALSE),"")) -> 200 | F49: 3 | G49: 1 | H49: 1 | I49: 1 | J49: =IF(E49="","",E49*0.7) -> 140 | K49: ● | Q49: ATC 로딩 X
A50: 판넬3 | B50: LO_ATC_Z | C50: MADLN15BE | D50: 200 | E50: =IFERROR(VLOOKUP(C50,파나소닉A6규격!$A:$C,3,FALSE),IFERROR(VLOOKUP(C50,파스텍EziServo규격!$A:$C,3,FALSE),"")) -> 200 | F50: 3 | G50: 1 | H50: 1 | I50: 1 | J50: =IF(E50="","",E50*0.7) -> 140 | K50: ● | Q50: ATC 로딩 Z
A51: 판넬3 | B51: SIDE_X1 | D51: 0 | E51: =IFERROR(VLOOKUP(C51,파나소닉A6규격!$A:$C,3,FALSE),IFERROR(VLOOKUP(C51,파스텍EziServo규격!$A:$C,3,FALSE),"")) | F51: 3 | G51: 1 | H51: 1 | I51: 1 | J51: =IF(E51="","",E51*0.7) | K51: ● | Q51: ← 모델 확인 필요
A52: 판넬3 | B52: SIDE_Y1 | D52: 0 | E52: =IFERROR(VLOOKUP(C52,파나소닉A6규격!$A:$C,3,FALSE),IFERROR(VLOOKUP(C52,파스텍EziServo규격!$A:$C,3,FALSE),"")) | F52: 3 | G52: 1 | H52: 1 | I52: 1 | J52: =IF(E52="","",E52*0.7) | K52: ● | Q52: ← 모델 확인 필요
A53: 판넬3 | B53: SIDE_T1 | D53: 0 | E53: =IFERROR(VLOOKUP(C53,파나소닉A6규격!$A:$C,3,FALSE),IFERROR(VLOOKUP(C53,파스텍EziServo규격!$A:$C,3,FALSE),"")) | F53: 3 | G53: 1 | H53: 1 | I53: 1 | J53: =IF(E53="","",E53*0.7) | K53: ● | Q53: ← 모델 확인 필요
A54: 판넬3 | B54: SIDE_X2 | D54: 0 | E54: =IFERROR(VLOOKUP(C54,파나소닉A6규격!$A:$C,3,FALSE),IFERROR(VLOOKUP(C54,파스텍EziServo규격!$A:$C,3,FALSE),"")) | F54: 3 | G54: 1 | H54: 1 | I54: 1 | J54: =IF(E54="","",E54*0.7) | K54: ● | Q54: ← 모델 확인 필요
A55: 판넬3 | B55: SIDE_Y2 | D55: 0 | E55: =IFERROR(VLOOKUP(C55,파나소닉A6규격!$A:$C,3,FALSE),IFERROR(VLOOKUP(C55,파스텍EziServo규격!$A:$C,3,FALSE),"")) | F55: 3 | G55: 1 | H55: 1 | I55: 1 | J55: =IF(E55="","",E55*0.7) | K55: ● | Q55: ← 모델 확인 필요
A56: 판넬3 | B56: SIDE_T2 | D56: 0 | E56: =IFERROR(VLOOKUP(C56,파나소닉A6규격!$A:$C,3,FALSE),IFERROR(VLOOKUP(C56,파스텍EziServo규격!$A:$C,3,FALSE),"")) | F56: 3 | G56: 1 | H56: 1 | I56: 1 | J56: =IF(E56="","",E56*0.7) | K56: ● | Q56: ← 모델 확인 필요
A57: 판넬3 | B57: SIDE_X3 | D57: 0 | E57: =IFERROR(VLOOKUP(C57,파나소닉A6규격!$A:$C,3,FALSE),IFERROR(VLOOKUP(C57,파스텍EziServo규격!$A:$C,3,FALSE),"")) | F57: 3 | G57: 1 | H57: 1 | I57: 1 | J57: =IF(E57="","",E57*0.7) | K57: ● | Q57: ← 모델 확인 필요
A58: 판넬3 | B58: SIDE_Y3 | D58: 0 | E58: =IFERROR(VLOOKUP(C58,파나소닉A6규격!$A:$C,3,FALSE),IFERROR(VLOOKUP(C58,파스텍EziServo규격!$A:$C,3,FALSE),"")) | F58: 3 | G58: 1 | H58: 1 | I58: 1 | J58: =IF(E58="","",E58*0.7) | K58: ● | Q58: ← 모델 확인 필요
A59: 판넬3 | B59: SIDE_T3 | D59: 0 | E59: =IFERROR(VLOOKUP(C59,파나소닉A6규격!$A:$C,3,FALSE),IFERROR(VLOOKUP(C59,파스텍EziServo규격!$A:$C,3,FALSE),"")) | F59: 3 | G59: 1 | H59: 1 | I59: 1 | J59: =IF(E59="","",E59*0.7) | K59: ● | Q59: ← 모델 확인 필요
A60: 판넬3 | B60: LO_EV | C60: MCDLN35BE | D60: 750 | E60: =IFERROR(VLOOKUP(C60,파나소닉A6규격!$A:$C,3,FALSE),IFERROR(VLOOKUP(C60,파스텍EziServo규격!$A:$C,3,FALSE),"")) -> 750 | F60: 3 | G60: 1 | H60: 1 | I60: 1 | J60: =IF(E60="","",E60*0.7) -> 525 | K60: ● | Q60: LO 이젝터
A61: 판넬3 | B61: LO_FD | D61: 0 | E61: =IFERROR(VLOOKUP(C61,파나소닉A6규격!$A:$C,3,FALSE),IFERROR(VLOOKUP(C61,파스텍EziServo규격!$A:$C,3,FALSE),"")) | F61: 3 | G61: 1 | H61: 1 | I61: 1 | J61: =IF(E61="","",E61*0.7) | K61: ● | Q61: ← 모델 확인 필요
A62: 판넬3 | B62: LO_FD_Z | D62: 0 | E62: =IFERROR(VLOOKUP(C62,파나소닉A6규격!$A:$C,3,FALSE),IFERROR(VLOOKUP(C62,파스텍EziServo규격!$A:$C,3,FALSE),"")) | F62: 3 | G62: 1 | H62: 1 | I62: 1 | J62: =IF(E62="","",E62*0.7) | K62: ● | Q62: ← 모델 확인 필요
A63: 판넬3 | B63: LO_FD_ALIGN | D63: 0 | E63: =IFERROR(VLOOKUP(C63,파나소닉A6규격!$A:$C,3,FALSE),IFERROR(VLOOKUP(C63,파스텍EziServo규격!$A:$C,3,FALSE),"")) | F63: 3 | G63: 1 | H63: 1 | I63: 1 | J63: =IF(E63="","",E63*0.7) | K63: ● | Q63: ← 모델 확인 필요
A64: 판넬3 | B64: LO_FD_INDEX | D64: 0 | E64: =IFERROR(VLOOKUP(C64,파나소닉A6규격!$A:$C,3,FALSE),IFERROR(VLOOKUP(C64,파스텍EziServo규격!$A:$C,3,FALSE),"")) | F64: 3 | G64: 1 | H64: 1 | I64: 1 | J64: =IF(E64="","",E64*0.7) | K64: ● | Q64: ← 모델 확인 필요
A65: 판넬4 | B65: TOP_MAC_Y | D65: 0 | E65: =IFERROR(VLOOKUP(C65,파나소닉A6규격!$A:$C,3,FALSE),IFERROR(VLOOKUP(C65,파스텍EziServo규격!$A:$C,3,FALSE),"")) | F65: 3 | G65: 1 | H65: 1 | I65: 1 | J65: =IF(E65="","",E65*0.7) | K65: ● | Q65: ← 모델 확인 필요
A66: 판넬4 | B66: TOP_MAC_X | D66: 0 | E66: =IFERROR(VLOOKUP(C66,파나소닉A6규격!$A:$C,3,FALSE),IFERROR(VLOOKUP(C66,파스텍EziServo규격!$A:$C,3,FALSE),"")) | F66: 3 | G66: 1 | H66: 1 | I66: 1 | J66: =IF(E66="","",E66*0.7) | K66: ● | Q66: ← 모델 확인 필요
A67: 판넬4 | B67: TOP_MAC_Z | D67: 0 | E67: =IFERROR(VLOOKUP(C67,파나소닉A6규격!$A:$C,3,FALSE),IFERROR(VLOOKUP(C67,파스텍EziServo규격!$A:$C,3,FALSE),"")) | F67: 3 | G67: 1 | H67: 1 | I67: 1 | J67: =IF(E67="","",E67*0.7) | K67: ● | Q67: ← 모델 확인 필요
A68: 판넬4 | B68: TOP_MIC_Y | D68: 0 | E68: =IFERROR(VLOOKUP(C68,파나소닉A6규격!$A:$C,3,FALSE),IFERROR(VLOOKUP(C68,파스텍EziServo규격!$A:$C,3,FALSE),"")) | F68: 3 | G68: 1 | H68: 1 | I68: 1 | J68: =IF(E68="","",E68*0.7) | K68: ● | Q68: ← 모델 확인 필요
A69: 판넬4 | B69: TOP_MIC_X | D69: 0 | E69: =IFERROR(VLOOKUP(C69,파나소닉A6규격!$A:$C,3,FALSE),IFERROR(VLOOKUP(C69,파스텍EziServo규격!$A:$C,3,FALSE),"")) | F69: 3 | G69: 1 | H69: 1 | I69: 1 | J69: =IF(E69="","",E69*0.7) | K69: ● | Q69: ← 모델 확인 필요
A70: 판넬4 | B70: TOP_MIC_Z | D70: 0 | E70: =IFERROR(VLOOKUP(C70,파나소닉A6규격!$A:$C,3,FALSE),IFERROR(VLOOKUP(C70,파스텍EziServo규격!$A:$C,3,FALSE),"")) | F70: 3 | G70: 1 | H70: 1 | I70: 1 | J70: =IF(E70="","",E70*0.7) | K70: ● | Q70: ← 모델 확인 필요
A71: 판넬4 | B71: INSPEC_CONV1 | D71: 0 | E71: =IFERROR(VLOOKUP(C71,파나소닉A6규격!$A:$C,3,FALSE),IFERROR(VLOOKUP(C71,파스텍EziServo규격!$A:$C,3,FALSE),"")) | F71: 3 | G71: 1 | H71: 1 | I71: 1 | J71: =IF(E71="","",E71*0.7) | K71: ● | Q71: ← 모델 확인 필요
A72: 판넬4 | B72: INSPEC_CONV2 | D72: 0 | E72: =IFERROR(VLOOKUP(C72,파나소닉A6규격!$A:$C,3,FALSE),IFERROR(VLOOKUP(C72,파스텍EziServo규격!$A:$C,3,FALSE),"")) | F72: 3 | G72: 1 | H72: 1 | I72: 1 | J72: =IF(E72="","",E72*0.7) | K72: ● | Q72: ← 모델 확인 필요
A73: 판넬4 | B73: JIG_PLATE_CONV1 | D73: 0 | E73: =IFERROR(VLOOKUP(C73,파나소닉A6규격!$A:$C,3,FALSE),IFERROR(VLOOKUP(C73,파스텍EziServo규격!$A:$C,3,FALSE),"")) | F73: 3 | G73: 1 | H73: 1 | I73: 1 | J73: =IF(E73="","",E73*0.7) | K73: ● | Q73: ← 모델 확인 필요
A74: 판넬4 | B74: JIG_PLATE_CONV2 | D74: 0 | E74: =IFERROR(VLOOKUP(C74,파나소닉A6규격!$A:$C,3,FALSE),IFERROR(VLOOKUP(C74,파스텍EziServo규격!$A:$C,3,FALSE),"")) | F74: 3 | G74: 1 | H74: 1 | I74: 1 | J74: =IF(E74="","",E74*0.7) | K74: ● | Q74: ← 모델 확인 필요
A75: 판넬4 | B75: LO_JIG_TRANS_Y | D75: 0 | E75: =IFERROR(VLOOKUP(C75,파나소닉A6규격!$A:$C,3,FALSE),IFERROR(VLOOKUP(C75,파스텍EziServo규격!$A:$C,3,FALSE),"")) | F75: 3 | G75: 1 | H75: 1 | I75: 1 | J75: =IF(E75="","",E75*0.7) | K75: ● | Q75: ← 모델 확인 필요
A76: 판넬4 | B76: LO_JIG_TRANS_Z | D76: 0 | E76: =IFERROR(VLOOKUP(C76,파나소닉A6규격!$A:$C,3,FALSE),IFERROR(VLOOKUP(C76,파스텍EziServo규격!$A:$C,3,FALSE),"")) | F76: 3 | G76: 1 | H76: 1 | I76: 1 | J76: =IF(E76="","",E76*0.7) | K76: ● | Q76: ← 모델 확인 필요
A77: 판넬4 | B77: TURN_PLATE | D77: 0 | E77: =IFERROR(VLOOKUP(C77,파나소닉A6규격!$A:$C,3,FALSE),IFERROR(VLOOKUP(C77,파스텍EziServo규격!$A:$C,3,FALSE),"")) | F77: 3 | G77: 1 | H77: 1 | I77: 1 | J77: =IF(E77="","",E77*0.7) | K77: ● | Q77: ← 모델 확인 필요
A78: 판넬4 | B78: INSPEC_Y | C78: MDDLN55BL | D78: 1000 | E78: =IFERROR(VLOOKUP(C78,파나소닉A6규격!$A:$C,3,FALSE),IFERROR(VLOOKUP(C78,파스텍EziServo규격!$A:$C,3,FALSE),"")) -> 1000 | F78: 3 | G78: 1 | H78: 1 | I78: 1 | J78: =IF(E78="","",E78*0.7) -> 700 | K78: ● | Q78: 검사 Y축
A79: 판넬4 | B79: INSPEC_X | C79: MCDLN35BL | D79: 750 | E79: =IFERROR(VLOOKUP(C79,파나소닉A6규격!$A:$C,3,FALSE),IFERROR(VLOOKUP(C79,파스텍EziServo규격!$A:$C,3,FALSE),"")) -> 750 | F79: 3 | G79: 1 | H79: 1 | I79: 1 | J79: =IF(E79="","",E79*0.7) -> 525 | K79: ● | Q79: 검사 X축
A80: 판넬4 | B80: INSPEC_Z1 | C80: MADLN05BE | D80: 50 | E80: =IFERROR(VLOOKUP(C80,파나소닉A6규격!$A:$C,3,FALSE),IFERROR(VLOOKUP(C80,파스텍EziServo규격!$A:$C,3,FALSE),"")) -> 50 | F80: 3 | G80: 1 | H80: 1 | I80: 1 | J80: =IF(E80="","",E80*0.7) -> 35 | K80: ● | Q80: 검사 Z1
A81: 판넬4 | B81: INSPEC_Z2 | C81: MADLN05BE | D81: 50 | E81: =IFERROR(VLOOKUP(C81,파나소닉A6규격!$A:$C,3,FALSE),IFERROR(VLOOKUP(C81,파스텍EziServo규격!$A:$C,3,FALSE),"")) -> 50 | F81: 3 | G81: 1 | H81: 1 | I81: 1 | J81: =IF(E81="","",E81*0.7) -> 35 | K81: ● | Q81: 검사 Z2
A82: 파나소닉 A6 소계 | E82: =SUM(E18:E81) -> 10950 | J82: =SUM(J18:J81) -> 7665 | Q82: 정격전류 합계 / 운전전류 합계 (VLOOKUP+SUM 수식)
A84: ■ 파스텍 EziServo / EziSpeed (AC 단상 or DC 입력) — 대구텍 F2 #1
A85: 판넬1 | B85: LO_R1_1 | C85: Ezi-EC-42XL-A | D85: 0 | E85: =IFERROR(VLOOKUP(C85,파나소닉A6규격!$A:$C,3,FALSE),IFERROR(VLOOKUP(C85,파스텍EziServo규격!$A:$C,3,FALSE),"")) | F85: 1 | G85: 0 | H85: 0 | I85: 0 | J85: =IF(E85="","",E85*0.7) | L85: ● | Q85: LO 회전 R1 #1
A86: 판넬1 | B86: LO_R1_2 | C86: Ezi-EC-42XL-A | D86: 0 | E86: =IFERROR(VLOOKUP(C86,파나소닉A6규격!$A:$C,3,FALSE),IFERROR(VLOOKUP(C86,파스텍EziServo규격!$A:$C,3,FALSE),"")) | F86: 1 | G86: 0 | H86: 0 | I86: 0 | J86: =IF(E86="","",E86*0.7) | L86: ● | Q86: LO 회전 R1 #2
A87: 판넬3 | B87: EZI_SPEED_1 | C87: EZI-SPEED60H30CR100P | D87: 0 | E87: =IFERROR(VLOOKUP(C87,파나소닉A6규격!$A:$C,3,FALSE),IFERROR(VLOOKUP(C87,파스텍EziServo규격!$A:$C,3,FALSE),"")) | F87: 1 | G87: 0 | H87: 0 | I87: 0 | J87: =IF(E87="","",E87*0.7) | L87: ● | Q87: SIDE 검사 #1
A88: 판넬3 | B88: EZI_SPEED_2 | C88: EZI-SPEED60H30CR100P | D88: 0 | E88: =IFERROR(VLOOKUP(C88,파나소닉A6규격!$A:$C,3,FALSE),IFERROR(VLOOKUP(C88,파스텍EziServo규격!$A:$C,3,FALSE),"")) | F88: 1 | G88: 0 | H88: 0 | I88: 0 | J88: =IF(E88="","",E88*0.7) | L88: ● | Q88: SIDE 검사 #2
A89: 판넬3 | B89: EZI_SPEED_3 | C89: EZI-SPEED60H30CR100P | D89: 0 | E89: =IFERROR(VLOOKUP(C89,파나소닉A6규격!$A:$C,3,FALSE),IFERROR(VLOOKUP(C89,파스텍EziServo규격!$A:$C,3,FALSE),"")) | F89: 1 | G89: 0 | H89: 0 | I89: 0 | J89: =IF(E89="","",E89*0.7) | L89: ● | Q89: SIDE 검사 #3
A90: 판넬3 | B90: EZI_SPEED_4 | C90: EZI-SPEED60H30CR100P | D90: 0 | E90: =IFERROR(VLOOKUP(C90,파나소닉A6규격!$A:$C,3,FALSE),IFERROR(VLOOKUP(C90,파스텍EziServo규격!$A:$C,3,FALSE),"")) | F90: 1 | G90: 0 | H90: 0 | I90: 0 | J90: =IF(E90="","",E90*0.7) | L90: ● | Q90: SIDE 검사 #4
A91: 판넬3 | B91: EZI_SPEED_5 | C91: EZI-SPEED60H30CR100P | D91: 0 | E91: =IFERROR(VLOOKUP(C91,파나소닉A6규격!$A:$C,3,FALSE),IFERROR(VLOOKUP(C91,파스텍EziServo규격!$A:$C,3,FALSE),"")) | F91: 1 | G91: 0 | H91: 0 | I91: 0 | J91: =IF(E91="","",E91*0.7) | L91: ● | Q91: SIDE 검사 #5
A92: 판넬3 | B92: EZI_SPEED_6 | C92: EZI-SPEED60H30CR100P | D92: 0 | E92: =IFERROR(VLOOKUP(C92,파나소닉A6규격!$A:$C,3,FALSE),IFERROR(VLOOKUP(C92,파스텍EziServo규격!$A:$C,3,FALSE),"")) | F92: 1 | G92: 0 | H92: 0 | I92: 0 | J92: =IF(E92="","",E92*0.7) | L92: ● | Q92: SIDE 검사 #6
A93: 판넬4 | B93: EZI_EC_XL_1 | C93: Ezi-EC-42XL-A | D93: 0 | E93: =IFERROR(VLOOKUP(C93,파나소닉A6규격!$A:$C,3,FALSE),IFERROR(VLOOKUP(C93,파스텍EziServo규격!$A:$C,3,FALSE),"")) | F93: 1 | G93: 0 | H93: 0 | I93: 0 | J93: =IF(E93="","",E93*0.7) | L93: ●
A94: 판넬4 | B94: EZI_EC_XL_2 | C94: Ezi-EC-42XL-A | D94: 0 | E94: =IFERROR(VLOOKUP(C94,파나소닉A6규격!$A:$C,3,FALSE),IFERROR(VLOOKUP(C94,파스텍EziServo규격!$A:$C,3,FALSE),"")) | F94: 1 | G94: 0 | H94: 0 | I94: 0 | J94: =IF(E94="","",E94*0.7) | L94: ●
A95: 판넬4 | B95: EZI_EC_XL_3 | C95: Ezi-EC-42XL-A | D95: 0 | E95: =IFERROR(VLOOKUP(C95,파나소닉A6규격!$A:$C,3,FALSE),IFERROR(VLOOKUP(C95,파스텍EziServo규격!$A:$C,3,FALSE),"")) | F95: 1 | G95: 0 | H95: 0 | I95: 0 | J95: =IF(E95="","",E95*0.7) | L95: ●
A96: 판넬4 | B96: EZI_EC_XL_4 | C96: Ezi-EC-42XL-A | D96: 0 | E96: =IFERROR(VLOOKUP(C96,파나소닉A6규격!$A:$C,3,FALSE),IFERROR(VLOOKUP(C96,파스텍EziServo규격!$A:$C,3,FALSE),"")) | F96: 1 | G96: 0 | H96: 0 | I96: 0 | J96: =IF(E96="","",E96*0.7) | L96: ●
A97: 판넬4 | B97: EZI_EC_M_1 | C97: Ezi-EC-42M-A | D97: 0 | E97: =IFERROR(VLOOKUP(C97,파나소닉A6규격!$A:$C,3,FALSE),IFERROR(VLOOKUP(C97,파스텍EziServo규격!$A:$C,3,FALSE),"")) | F97: 1 | G97: 0 | H97: 0 | I97: 0 | J97: =IF(E97="","",E97*0.7) | L97: ●
A98: 판넬4 | B98: EZI_EC_M_2 | C98: Ezi-EC-42M-A | D98: 0 | E98: =IFERROR(VLOOKUP(C98,파나소닉A6규격!$A:$C,3,FALSE),IFERROR(VLOOKUP(C98,파스텍EziServo규격!$A:$C,3,FALSE),"")) | F98: 1 | G98: 0 | H98: 0 | I98: 0 | J98: =IF(E98="","",E98*0.7) | L98: ●
A99: 파스텍 EziServo/EziSpeed 소계 | E99: =SUM(E85:E98) -> 0 | J99: =SUM(J85:J98) -> 0 | Q99: EziServo/EziSpeed: 입력전류 사양서 확인 필요
A101: ■ DC 24V 부하 (I/O 모듈·센서·솔레노이드·팬 등) — 추후 입력
A102: 공통 | B102: EZI-IO 입력모듈 | C102: I32N-E / I16N-E | D102: 0 | E102: 0 | F102: 1 | G102: 0 | H102: 0 | I102: 0 | J102: 0 | M102: ● | Q102: ← 실측값 입력 (모듈당 ~0.3A)
A103: 공통 | B103: EZI-IO 출력모듈 | C103: O32N-E / O16N-E | D103: 0 | E103: 0 | F103: 1 | G103: 0 | H103: 0 | I103: 0 | J103: 0 | M103: ● | Q103: ← 실측값 입력 (모듈당 ~0.3A)
A104: 공통 | B104: 포토센서 | C104: (직접 입력) | D104: 0 | E104: 0 | F104: 1 | G104: 0 | H104: 0 | I104: 0 | J104: 0 | M104: ● | Q104: ← 센서 개수×0.05A
...

Sheet 파나소닉A6규격
A1: 파나소닉 A6 서보드라이버 규격표 (MINAS A6 Series)
A2: 드라이버 모델 | B2: 대응 모터 | C2: 정격출력(W) | D2: 전원 | E2: 정격입력전류(A) | F2: 최대입력전류(A) | G2: 제어방식 | H2: 통신 | I2: 특이사항 | J2: 비고
A3: MADLN05BE | B3: MSMF/MQMF 50W | C3: 50 | D3: AC3상 200V | E3: 0.3 | F3: 0.8 | G3: フルクロ | H3: EtherCAT/Modbus | I3: 소형 단축용
A4: MADLN10BE | B4: MSMF/MQMF 100W | C4: 100 | D4: AC3상 200V | E4: 0.5 | F4: 1.2 | G4: フルクロ | H4: EtherCAT/Modbus
A5: MADLN15BE | B5: MSMF/MQMF 200W | C5: 200 | D5: AC3상 200V | E5: 1 | F5: 2.4 | G5: フルクロ | H5: EtherCAT/Modbus
A6: MBDLN25BE | B6: MSMF/MQMF 400W | C6: 400 | D6: AC3상 200V | E6: 1.5 | F6: 4 | G6: フルクロ | H6: EtherCAT/Modbus
A7: MCDLN35BL | B7: MSMF/MQMF 750W | C7: 750 | D7: AC3상 200V | E7: 2.4 | F7: 7 | G7: フルクロ | H7: EtherCAT/Modbus | I7: 중형 축용
A8: MCDLN35BE | B8: MSMF/MQMF 750W | C8: 750 | D8: AC3상 200V | E8: 2.4 | F8: 7 | G8: フルクロ | H8: EtherCAT/Modbus | I8: Brake 내장형
A9: MDDLN55BL | B9: MSMF 1kW | C9: 1000 | D9: AC3상 200V | E9: 3.4 | F9: 10 | G9: フルクロ | H9: EtherCAT/Modbus | I9: 대형 주축용
A10: MDDLN85BL | B10: MSMF 1.5kW | C10: 1500 | D10: AC3상 200V | E10: 5.5 | F10: 15 | G10: フルクロ | H10: EtherCAT/Modbus
A11: MEDLN15BL | B11: MSMF 2kW | C11: 2000 | D11: AC3상 200V | E11: 7.5 | F11: 20 | G11: フルクロ | H11: EtherCAT/Modbus
A12: MFDLN23BL | B12: MSMF 3kW | C12: 3000 | D12: AC3상 200V | E12: 11 | F12: 30 | G12: フルクロ | H12: EtherCAT/Modbus | I12: 고출력
A14: ※ 정격입력전류: I = P_출력(VA) ÷ (√3 × V_입력 × PF) | 안전계수 1.25 적용 후 차단기 선정 | 출처: Panasonic MINAS A6 Catalog

Sheet 파스텍EziServo규격
A1: 파스텍(Fastech) 스텝드라이버 규격표
A2: 드라이버 모델 | B2: 입력전원 | C2: 출력전류 max(A) | D2: 마이크로스텝 | E2: 통신/제어 | F2: 보호기능 | G2: 대응 모터 | H2: 특이사항 | I2: 비고
A3: EM542S | B3: DC 20~50V | C3: 4.2 | D3: 1~256 | E3: 스텝/방향, CW/CCW | F3: 과열/과전류/위상오류 | G3: 2상 스텝모터 | H3: 소형 범용
A4: EM806 | B4: DC 24~80V | C4: 8 | D4: 1~256 | E4: 스텝/방향, CW/CCW | F4: 과열/과전류 | G4: 2상 스텝모터 | H4: 고토크 대형
A5: EZB2-EC | B5: DC 24~48V | C5: 2 | D5: 1~256 | E5: EtherCAT | F5: 과열/과전류 | G5: 2상 스텝모터 | H5: 네트워크 제어
A6: EZB2-ML | B6: DC 24~48V | C6: 2 | D6: 1~256 | E6: MECHATROLINK-III | F6: 과열/과전류 | G6: 2상 스텝모터 | H6: ML3 네트워크
A7: EZS2-EC | B7: DC 24~48V | C7: 4 | D7: 1~256 | E7: EtherCAT | F7: 과열/과전류 | G7: 2상 스텝모터 | H7: 중형 EtherCAT
A8: EziSERVO-EC | B8: AC 100~240V | C8: 3 | D8: - | E8: EtherCAT (CiA 402) | F8: 과열/과전류/위치오류 | G8: 폐루프 스텝 | H8: 폐루프(엔코더 내장)
A10: ※ 파스텍 DC 드라이버 전원: 별도 SMPS 필요 (DC 전원장치 용량 = 합계전류×1.25 이상) | 출처: Fastech 제품 카탈로그

Sheet 차단기 규격 참조표
A1: 차단기 규격 참조표 (MCCB / MCB — AC 220V 3상/단상)
A2: 정격전류(A) | B2: 적용 부하전류 범위 | C2: 제조사 | D2: 모델 3P (MCCB) | E2: 모델 1P (MCB) | F2: 특이사항 | G2: 비고
A3: 3 | B3: ~2.4A | C3: LS/Chint | D3: ABN3c / NXB-63 | E3: BKN1-1P C3 | F3: 조명·소형제어
A4: 5 | B4: 2.4~4A | C4: LS/Chint | D4: ABN5c / NXB-63 | E4: BKN1-1P C5 | F4: 소형I/O
A5: 10 | B5: 4~8A | C5: LS/Chint | D5: ABN10c / NXB-63 | E5: BKN1-1P C10 | F5: 소형서보 1~2축
A6: 15 | B6: 8~12A | C6: LS/Chint | D6: ABN15c / NXB-63 | E6: BKN1-1P C15
A7: 20 | B7: 12~16A | C7: LS/Chint | D7: ABN20c / NXB-63 | E7: BKN1-1P C20 | F7: 중형서보
A8: 25 | B8: 16~20A | C8: LS/Chint | D8: ABN25c / NXB-63 | E8: BKN1-1P C25
A9: 30 | B9: 20~24A | C9: LS/Chint | D9: ABN30c / NXB-63 | E9: - | F9: 다축서보 판넬
A10: 40 | B10: 24~32A | C10: LS/Chint | D10: ABN40c | E10: -
A11: 50 | B11: 32~40A | C11: LS/Chint | D11: ABN50c | E11: -
A12: 63 | B12: 40~50A | C12: LS/Chint | D12: ABN63c | E12: - | F12: 대형 판넬
A13: 75 | B13: 50~60A | C13: LS/Chint | D13: ABN75c | E13: - | F13: 메인 차단기
A14: 100 | B14: 60~80A | C14: LS/Chint | D14: ABN100c | E14: -
A15: 125 | B15: 80~100A | C15: LS | D15: ABN125c | E15: - | F15: 대형 메인
