Workbook

Sheet 전류·용량 계산표
A1: 대구텍 검사기 F2 #1 — 판넬별 전류용량 계산 및 차단기 선정표
A2: ▶ 전체 부하 요약 (상단 자동계산 — 하단 합계행 수식 연동)
A3: 구분 | B3: 총 정격전류(A) | C3: 안전계수×1.25 | D3: 권장 차단기(A) | E3: 비고
A4: AC 서보드라이버 (파나소닉 A6) | B4: (자동) | C4: (자동) | D4: (자동) | E4: (자동)
A5: DC24V EziServo/EziSpeed | B5: (자동) | C5: (자동) | D5: (자동) | E5: (자동)
A6: DC 24V 공통 부하 (I/O·센서 등) | B6: (자동) | C6: (자동) | D6: (자동) | E6: (자동)
A7: 기타 (HMI·조명·PC 등) | B7: (자동) | C7: (자동) | D7: (자동) | E7: (자동)
A9: ▶ R/S/T 상별 전류 편중 분석 (AC 서보드라이버 기준)
B10: R상(A) | C10: S상(A) | D10: T상(A) | E10: 최대-최소(A) | F10: 불균형률(%) | G10: 판정 | H10: 기준: 불균형률 10% 이하 권장
A11: AC 서보드라이버 합계
A12: 판넬1
A13: 판넬2
A14: 판넬3
A15: 판넬4
A17: 판넬 | B17: Axis Name | C17: 드라이버 모델 (직접 입력) | D17: 출력(W) [자동] | E17: 정격전류(A) [자동] | F17: 상수 | G17: R상 | H17: S상 | I17: T상 | J17: 운전전류(A) | K17: 전원 구분 | O17: 차단기 선정(A) | P17: 제조사/모델 | Q17: 비고/수식설명
K18: AC 서보 (파나소닉) | L18: DC 24V (EziServo) | M18: DC 24V (공통) | N18: 기타
A19: ■ 판넬1 — 파나소닉 A6 서보드라이버 (AC200V)
A20: 판넬1 | B20: LO_Y1 | C20: MDDLN55BL | D20: =IFERROR(VLOOKUP(C20,파나소닉A6규격!$A:$C,2,FALSE),IFERROR(VLOOKUP(C20,파스텍EziServo규격!$A:$C,1,FALSE),"")) | E20: =IFERROR(VLOOKUP(C20,파나소닉A6규격!$A:$C,3,FALSE),IFERROR(VLOOKUP(C20,파스텍EziServo규격!$A:$C,3,FALSE),"")) | F20: 3 | G20: 1 | H20: 1 | I20: 1 | J20: =IFERROR(E20*0.9,"") | K20: ● | Q20: Linear Motor Driver (AC200V)
B21: LO_X1 | C21: MCDLN35BL | D21: =IFERROR(VLOOKUP(C21,파나소닉A6규격!$A:$C,2,FALSE),IFERROR(VLOOKUP(C21,파스텍EziServo규격!$A:$C,1,FALSE),"")) | E21: =IFERROR(VLOOKUP(C21,파나소닉A6규격!$A:$C,3,FALSE),IFERROR(VLOOKUP(C21,파스텍EziServo규격!$A:$C,3,FALSE),"")) | F21: 3 | G21: 0 | H21: 1 | I21: 1 | J21: =IFERROR(E21*0.9,"") | K21: ● | Q21: Linear Motor Driver (AC200V)
B22: LO_Z1 | C22: MADLN05BE | D22: =IFERROR(VLOOKUP(C22,파나소닉A6규격!$A:$C,2,FALSE),IFERROR(VLOOKUP(C22,파스텍EziServo규격!$A:$C,1,FALSE),"")) | E22: =IFERROR(VLOOKUP(C22,파나소닉A6규격!$A:$C,3,FALSE),IFERROR(VLOOKUP(C22,파스텍EziServo규격!$A:$C,3,FALSE),"")) | F22: 1 | G22: 1 | H22: 0 | I22: 0 | J22: =IFERROR(E22*0.9,"") | K22: ● | Q22: I=VA/(220×PF=0.85)
B23: ULO_Y1 | C23: MCDLN35BL | D23: =IFERROR(VLOOKUP(C23,파나소닉A6규격!$A:$C,2,FALSE),IFERROR(VLOOKUP(C23,파스텍EziServo규격!$A:$C,1,FALSE),"")) | E23: =IFERROR(VLOOKUP(C23,파나소닉A6규격!$A:$C,3,FALSE),IFERROR(VLOOKUP(C23,파스텍EziServo규격!$A:$C,3,FALSE),"")) | F23: 3 | G23: 1 | H23: 1 | I23: 0 | J23: =IFERROR(E23*0.9,"") | K23: ● | Q23: Linear Motor Driver
B24: ULO_X1 | C24: MCDLN35BL | D24: =IFERROR(VLOOKUP(C24,파나소닉A6규격!$A:$C,2,FALSE),IFERROR(VLOOKUP(C24,파스텍EziServo규격!$A:$C,1,FALSE),"")) | E24: =IFERROR(VLOOKUP(C24,파나소닉A6규격!$A:$C,3,FALSE),IFERROR(VLOOKUP(C24,파스텍EziServo규격!$A:$C,3,FALSE),"")) | F24: 3 | G24: 0 | H24: 1 | I24: 1 | J24: =IFERROR(E24*0.9,"") | K24: ● | Q24: Linear Motor Driver
B25: ULO_Z1 | C25: MADLN05BE | D25: =IFERROR(VLOOKUP(C25,파나소닉A6규격!$A:$C,2,FALSE),IFERROR(VLOOKUP(C25,파스텍EziServo규격!$A:$C,1,FALSE),"")) | E25: =IFERROR(VLOOKUP(C25,파나소닉A6규격!$A:$C,3,FALSE),IFERROR(VLOOKUP(C25,파스텍EziServo규격!$A:$C,3,FALSE),"")) | F25: 1 | G25: 0 | H25: 0 | I25: 1 | J25: =IFERROR(E25*0.9,"") | K25: ●
B26: NG_EV | C26: MCDLN35BE | D26: =IFERROR(VLOOKUP(C26,파나소닉A6규격!$A:$C,2,FALSE),IFERROR(VLOOKUP(C26,파스텍EziServo규격!$A:$C,1,FALSE),"")) | E26: =IFERROR(VLOOKUP(C26,파나소닉A6규격!$A:$C,3,FALSE),IFERROR(VLOOKUP(C26,파스텍EziServo규격!$A:$C,3,FALSE),"")) | F26: 1 | G26: 1 | H26: 0 | I26: 0 | J26: =IFERROR(E26*0.9,"") | K26: ● | Q26: 800W 서보 (단상)
B27: NG_FD | C27: MADLN05BE | D27: =IFERROR(VLOOKUP(C27,파나소닉A6규격!$A:$C,2,FALSE),IFERROR(VLOOKUP(C27,파스텍EziServo규격!$A:$C,1,FALSE),"")) | E27: =IFERROR(VLOOKUP(C27,파나소닉A6규격!$A:$C,3,FALSE),IFERROR(VLOOKUP(C27,파스텍EziServo규격!$A:$C,3,FALSE),"")) | F27: 1 | G27: 0 | H27: 1 | I27: 0 | J27: =IFERROR(E27*0.9,"") | K27: ●
B28: NG_FD_Z | C28: MBDLN25BE | D28: =IFERROR(VLOOKUP(C28,파나소닉A6규격!$A:$C,2,FALSE),IFERROR(VLOOKUP(C28,파스텍EziServo규격!$A:$C,1,FALSE),"")) | E28: =IFERROR(VLOOKUP(C28,파나소닉A6규격!$A:$C,3,FALSE),IFERROR(VLOOKUP(C28,파스텍EziServo규격!$A:$C,3,FALSE),"")) | F28: 1 | G28: 1 | H28: 0 | I28: 0 | J28: =IFERROR(E28*0.9,"") | K28: ●
B29: NG_FD_ALIGN | C29: MADLN05BE | D29: =IFERROR(VLOOKUP(C29,파나소닉A6규격!$A:$C,2,FALSE),IFERROR(VLOOKUP(C29,파스텍EziServo규격!$A:$C,1,FALSE),"")) | E29: =IFERROR(VLOOKUP(C29,파나소닉A6규격!$A:$C,3,FALSE),IFERROR(VLOOKUP(C29,파스텍EziServo규격!$A:$C,3,FALSE),"")) | F29: 1 | G29: 0 | H29: 0 | I29: 1 | J29: =IFERROR(E29*0.9,"") | K29: ●
B30: NG_FD_INDEX | C30: MBDLN25BE | D30: =IFERROR(VLOOKUP(C30,파나소닉A6규격!$A:$C,2,FALSE),IFERROR(VLOOKUP(C30,파스텍EziServo규격!$A:$C,1,FALSE),"")) | E30: =IFERROR(VLOOKUP(C30,파나소닉A6규격!$A:$C,3,FALSE),IFERROR(VLOOKUP(C30,파스텍EziServo규격!$A:$C,3,FALSE),"")) | F30: 1 | G30: 1 | H30: 0 | I30: 0 | J30: =IFERROR(E30*0.9,"") | K30: ●
B31: JIG_ULO_Y | C31: MADLN05BE | D31: =IFERROR(VLOOKUP(C31,파나소닉A6규격!$A:$C,2,FALSE),IFERROR(VLOOKUP(C31,파스텍EziServo규격!$A:$C,1,FALSE),"")) | E31: =IFERROR(VLOOKUP(C31,파나소닉A6규격!$A:$C,3,FALSE),IFERROR(VLOOKUP(C31,파스텍EziServo규격!$A:$C,3,FALSE),"")) | F31: 1 | G31: 0 | H31: 1 | I31: 0 | J31: =IFERROR(E31*0.9,"") | K31: ●
B32: JIG_ULO_Z | C32: MADLN05BE | D32: =IFERROR(VLOOKUP(C32,파나소닉A6규격!$A:$C,2,FALSE),IFERROR(VLOOKUP(C32,파스텍EziServo규격!$A:$C,1,FALSE),"")) | E32: =IFERROR(VLOOKUP(C32,파나소닉A6규격!$A:$C,3,FALSE),IFERROR(VLOOKUP(C32,파스텍EziServo규격!$A:$C,3,FALSE),"")) | F32: 1 | G32: 0 | H32: 0 | I32: 1 | J32: =IFERROR(E32*0.9,"") | K32: ●
A33: 판넬1 AC 소계 소계 | E33: =SUM(E20:E32) | J33: =SUM(J20:J32) | O33: =CEILING(E33*1.25,5) | Q33: E×1.25→CEILING 5A 단위
A35: ■ 판넬1 — EziServo/EziSpeed (DC 24V)
B36: LO_R1 (#1) | C36: Ezi-EC-42XL-A | D36: =IFERROR(VLOOKUP(C36,파나소닉A6규격!$A:$C,2,FALSE),IFERROR(VLOOKUP(C36,파스텍EziServo규격!$A:$C,1,FALSE),"")) | E36: =IFERROR(VLOOKUP(C36,파나소닉A6규격!$A:$C,3,FALSE),IFERROR(VLOOKUP(C36,파스텍EziServo규격!$A:$C,3,FALSE),"")) | F36: 1 | G36: 0 | H36: 0 | I36: 0 | J36: =IFERROR(E36*0.9,"") | L36: ● | Q36: EziServo EC (DC24V)
B37: LO_R1 (#2) | C37: Ezi-EC-42XL-A | D37: =IFERROR(VLOOKUP(C37,파나소닉A6규격!$A:$C,2,FALSE),IFERROR(VLOOKUP(C37,파스텍EziServo규격!$A:$C,1,FALSE),"")) | E37: =IFERROR(VLOOKUP(C37,파나소닉A6규격!$A:$C,3,FALSE),IFERROR(VLOOKUP(C37,파스텍EziServo규격!$A:$C,3,FALSE),"")) | F37: 1 | G37: 0 | H37: 0 | I37: 0 | J37: =IFERROR(E37*0.9,"") | L37: ● | Q37: EziServo EC (DC24V)
A38: 판넬1 EziServo 소계 소계 | E38: =SUM(E36:E37) | J38: =SUM(J36:J37) | O38: =CEILING(E38*1.25,5) | Q38: E×1.25→CEILING 5A 단위
A40: ■ 판넬2 — 파나소닉 A6 서보드라이버 (AC200V)
A41: 판넬2 | B41: GOOD_EV | C41: MCDLN35BE | D41: =IFERROR(VLOOKUP(C41,파나소닉A6규격!$A:$C,2,FALSE),IFERROR(VLOOKUP(C41,파스텍EziServo규격!$A:$C,1,FALSE),"")) | E41: =IFERROR(VLOOKUP(C41,파나소닉A6규격!$A:$C,3,FALSE),IFERROR(VLOOKUP(C41,파스텍EziServo규격!$A:$C,3,FALSE),"")) | F41: 1 | G41: 1 | H41: 0 | I41: 0 | J41: =IFERROR(E41*0.9,"") | K41: ● | Q41: 800W 서보
B42: GOOD_FD | C42: MADLN05BE | D42: =IFERROR(VLOOKUP(C42,파나소닉A6규격!$A:$C,2,FALSE),IFERROR(VLOOKUP(C42,파스텍EziServo규격!$A:$C,1,FALSE),"")) | E42: =IFERROR(VLOOKUP(C42,파나소닉A6규격!$A:$C,3,FALSE),IFERROR(VLOOKUP(C42,파스텍EziServo규격!$A:$C,3,FALSE),"")) | F42: 1 | G42: 0 | H42: 1 | I42: 0 | J42: =IFERROR(E42*0.9,"") | K42: ●
B43: GOOD_FD_Z | C43: MBDLN25BE | D43: =IFERROR(VLOOKUP(C43,파나소닉A6규격!$A:$C,2,FALSE),IFERROR(VLOOKUP(C43,파스텍EziServo규격!$A:$C,1,FALSE),"")) | E43: =IFERROR(VLOOKUP(C43,파나소닉A6규격!$A:$C,3,FALSE),IFERROR(VLOOKUP(C43,파스텍EziServo규격!$A:$C,3,FALSE),"")) | F43: 1 | G43: 1 | H43: 0 | I43: 0 | J43: =IFERROR(E43*0.9,"") | K43: ●
B44: GOOD_FD_ALIGN | C44: MADLN05BE | D44: =IFERROR(VLOOKUP(C44,파나소닉A6규격!$A:$C,2,FALSE),IFERROR(VLOOKUP(C44,파스텍EziServo규격!$A:$C,1,FALSE),"")) | E44: =IFERROR(VLOOKUP(C44,파나소닉A6규격!$A:$C,3,FALSE),IFERROR(VLOOKUP(C44,파스텍EziServo규격!$A:$C,3,FALSE),"")) | F44: 1 | G44: 0 | H44: 0 | I44: 1 | J44: =IFERROR(E44*0.9,"") | K44: ●
B45: GOOD_FD_INDEX | C45: MBDLN25BE | D45: =IFERROR(VLOOKUP(C45,파나소닉A6규격!$A:$C,2,FALSE),IFERROR(VLOOKUP(C45,파스텍EziServo규격!$A:$C,1,FALSE),"")) | E45: =IFERROR(VLOOKUP(C45,파나소닉A6규격!$A:$C,3,FALSE),IFERROR(VLOOKUP(C45,파스텍EziServo규격!$A:$C,3,FALSE),"")) | F45: 1 | G45: 0 | H45: 1 | I45: 0 | J45: =IFERROR(E45*0.9,"") | K45: ●
B46: TURN_Y | C46: MBDLN25BE | D46: =IFERROR(VLOOKUP(C46,파나소닉A6규격!$A:$C,2,FALSE),IFERROR(VLOOKUP(C46,파스텍EziServo규격!$A:$C,1,FALSE),"")) | E46: =IFERROR(VLOOKUP(C46,파나소닉A6규격!$A:$C,3,FALSE),IFERROR(VLOOKUP(C46,파스텍EziServo규격!$A:$C,3,FALSE),"")) | F46: 1 | G46: 1 | H46: 0 | I46: 0 | J46: =IFERROR(E46*0.9,"") | K46: ●
B47: TURN_GRIPPER_Y1 | C47: MADLN15BE | D47: =IFERROR(VLOOKUP(C47,파나소닉A6규격!$A:$C,2,FALSE),IFERROR(VLOOKUP(C47,파스텍EziServo규격!$A:$C,1,FALSE),"")) | E47: =IFERROR(VLOOKUP(C47,파나소닉A6규격!$A:$C,3,FALSE),IFERROR(VLOOKUP(C47,파스텍EziServo규격!$A:$C,3,FALSE),"")) | F47: 1 | G47: 0 | H47: 1 | I47: 0 | J47: =IFERROR(E47*0.9,"") | K47: ●
B48: TURN_GRIPPER_X1 | C48: MADLN15BE | D48: =IFERROR(VLOOKUP(C48,파나소닉A6규격!$A:$C,2,FALSE),IFERROR(VLOOKUP(C48,파스텍EziServo규격!$A:$C,1,FALSE),"")) | E48: =IFERROR(VLOOKUP(C48,파나소닉A6규격!$A:$C,3,FALSE),IFERROR(VLOOKUP(C48,파스텍EziServo규격!$A:$C,3,FALSE),"")) | F48: 1 | G48: 0 | H48: 0 | I48: 1 | J48: =IFERROR(E48*0.9,"") | K48: ●
B49: TURN_GRIPPER_Z1 | C49: MADLN05BE | D49: =IFERROR(VLOOKUP(C49,파나소닉A6규격!$A:$C,2,FALSE),IFERROR(VLOOKUP(C49,파스텍EziServo규격!$A:$C,1,FALSE),"")) | E49: =IFERROR(VLOOKUP(C49,파나소닉A6규격!$A:$C,3,FALSE),IFERROR(VLOOKUP(C49,파스텍EziServo규격!$A:$C,3,FALSE),"")) | F49: 1 | G49: 1 | H49: 0 | I49: 0 | J49: =IFERROR(E49*0.9,"") | K49: ● | Q49: 50W 모터
B50: TURN_GRIPPER_Y2 | C50: MADLN15BE | D50: =IFERROR(VLOOKUP(C50,파나소닉A6규격!$A:$C,2,FALSE),IFERROR(VLOOKUP(C50,파스텍EziServo규격!$A:$C,1,FALSE),"")) | E50: =IFERROR(VLOOKUP(C50,파나소닉A6규격!$A:$C,3,FALSE),IFERROR(VLOOKUP(C50,파스텍EziServo규격!$A:$C,3,FALSE),"")) | F50: 1 | G50: 0 | H50: 1 | I50: 0 | J50: =IFERROR(E50*0.9,"") | K50: ●
B51: TURN_GRIPPER_X2 | C51: MADLN15BE | D51: =IFERROR(VLOOKUP(C51,파나소닉A6규격!$A:$C,2,FALSE),IFERROR(VLOOKUP(C51,파스텍EziServo규격!$A:$C,1,FALSE),"")) | E51: =IFERROR(VLOOKUP(C51,파나소닉A6규격!$A:$C,3,FALSE),IFERROR(VLOOKUP(C51,파스텍EziServo규격!$A:$C,3,FALSE),"")) | F51: 1 | G51: 0 | H51: 0 | I51: 1 | J51: =IFERROR(E51*0.9,"") | K51: ●
B52: TURN_GRIPPER_Z2 | C52: MADLN05BE | D52: =IFERROR(VLOOKUP(C52,파나소닉A6규격!$A:$C,2,FALSE),IFERROR(VLOOKUP(C52,파스텍EziServo규격!$A:$C,1,FALSE),"")) | E52: =IFERROR(VLOOKUP(C52,파나소닉A6규격!$A:$C,3,FALSE),IFERROR(VLOOKUP(C52,파스텍EziServo규격!$A:$C,3,FALSE),"")) | F52: 1 | G52: 1 | H52: 0 | I52: 0 | J52: =IFERROR(E52*0.9,"") | K52: ● | Q52: 50W 모터
B53: BOT_MAC_Y | C53: MADLN15BE | D53: =IFERROR(VLOOKUP(C53,파나소닉A6규격!$A:$C,2,FALSE),IFERROR(VLOOKUP(C53,파스텍EziServo규격!$A:$C,1,FALSE),"")) | E53: =IFERROR(VLOOKUP(C53,파나소닉A6규격!$A:$C,3,FALSE),IFERROR(VLOOKUP(C53,파스텍EziServo규격!$A:$C,3,FALSE),"")) | F53: 1 | G53: 0 | H53: 1 | I53: 0 | J53: =IFERROR(E53*0.9,"") | K53: ●
A54: 판넬2 AC 소계 소계 | E54: =SUM(E41:E53) | J54: =SUM(J41:J53) | O54: =CEILING(E54*1.25,5) | Q54: E×1.25→CEILING 5A 단위
A56: ■ 판넬3 — 파나소닉 A6 서보드라이버 (AC200V)
A57: 판넬3 | B57: BOT_MAC_X | C57: MADLN15BE | D57: =IFERROR(VLOOKUP(C57,파나소닉A6규격!$A:$C,2,FALSE),IFERROR(VLOOKUP(C57,파스텍EziServo규격!$A:$C,1,FALSE),"")) | E57: =IFERROR(VLOOKUP(C57,파나소닉A6규격!$A:$C,3,FALSE),IFERROR(VLOOKUP(C57,파스텍EziServo규격!$A:$C,3,FALSE),"")) | F57: 1 | G57: 0 | H57: 0 | I57: 1 | J57: =IFERROR(E57*0.9,"") | K57: ●
B58: BOT_MAC_Z | C58: MADLN05BE | D58: =IFERROR(VLOOKUP(C58,파나소닉A6규격!$A:$C,2,FALSE),IFERROR(VLOOKUP(C58,파스텍EziServo규격!$A:$C,1,FALSE),"")) | E58: =IFERROR(VLOOKUP(C58,파나소닉A6규격!$A:$C,3,FALSE),IFERROR(VLOOKUP(C58,파스텍EziServo규격!$A:$C,3,FALSE),"")) | F58: 1 | G58: 1 | H58: 0 | I58: 0 | J58: =IFERROR(E58*0.9,"") | K58: ●
B59: BOT_MIC_Y | C59: MADLN15BE | D59: =IFERROR(VLOOKUP(C59,파나소닉A6규격!$A:$C,2,FALSE),IFERROR(VLOOKUP(C59,파스텍EziServo규격!$A:$C,1,FALSE),"")) | E59: =IFERROR(VLOOKUP(C59,파나소닉A6규격!$A:$C,3,FALSE),IFERROR(VLOOKUP(C59,파스텍EziServo규격!$A:$C,3,FALSE),"")) | F59: 1 | G59: 0 | H59: 1 | I59: 0 | J59: =IFERROR(E59*0.9,"") | K59: ●
B60: BOT_MIC_X | C60: MADLN15BE | D60: =IFERROR(VLOOKUP(C60,파나소닉A6규격!$A:$C,2,FALSE),IFERROR(VLOOKUP(C60,파스텍EziServo규격!$A:$C,1,FALSE),"")) | E60: =IFERROR(VLOOKUP(C60,파나소닉A6규격!$A:$C,3,FALSE),IFERROR(VLOOKUP(C60,파스텍EziServo규격!$A:$C,3,FALSE),"")) | F60: 1 | G60: 0 | H60: 0 | I60: 1 | J60: =IFERROR(E60*0.9,"") | K60: ●
B61: BOT_MIC_Z | C61: MADLN05BE | D61: =IFERROR(VLOOKUP(C61,파나소닉A6규격!$A:$C,2,FALSE),IFERROR(VLOOKUP(C61,파스텍EziServo규격!$A:$C,1,FALSE),"")) | E61: =IFERROR(VLOOKUP(C61,파나소닉A6규격!$A:$C,3,FALSE),IFERROR(VLOOKUP(C61,파스텍EziServo규격!$A:$C,3,FALSE),"")) | F61: 1 | G61: 1 | H61: 0 | I61: 0 | J61: =IFERROR(E61*0.9,"") | K61: ●
B62: LO_ATC_X | C62: MADLN15BE | D62: =IFERROR(VLOOKUP(C62,파나소닉A6규격!$A:$C,2,FALSE),IFERROR(VLOOKUP(C62,파스텍EziServo규격!$A:$C,1,FALSE),"")) | E62: =IFERROR(VLOOKUP(C62,파나소닉A6규격!$A:$C,3,FALSE),IFERROR(VLOOKUP(C62,파스텍EziServo규격!$A:$C,3,FALSE),"")) | F62: 1 | G62: 0 | H62: 1 | I62: 0 | J62: =IFERROR(E62*0.9,"") | K62: ●
B63: LO_ATC_Z | C63: MADLN15BE | D63: =IFERROR(VLOOKUP(C63,파나소닉A6규격!$A:$C,2,FALSE),IFERROR(VLOOKUP(C63,파스텍EziServo규격!$A:$C,1,FALSE),"")) | E63: =IFERROR(VLOOKUP(C63,파나소닉A6규격!$A:$C,3,FALSE),IFERROR(VLOOKUP(C63,파스텍EziServo규격!$A:$C,3,FALSE),"")) | F63: 1 | G63: 0 | H63: 0 | I63: 1 | J63: =IFERROR(E63*0.9,"") | K63: ●
B64: SIDE_X1 | C64: MADLN05BE | D64: =IFERROR(VLOOKUP(C64,파나소닉A6규격!$A:$C,2,FALSE),IFERROR(VLOOKUP(C64,파스텍EziServo규격!$A:$C,1,FALSE),"")) | E64: =IFERROR(VLOOKUP(C64,파나소닉A6규격!$A:$C,3,FALSE),IFERROR(VLOOKUP(C64,파스텍EziServo규격!$A:$C,3,FALSE),"")) | F64: 1 | G64: 1 | H64: 0 | I64: 0 | J64: =IFERROR(E64*0.9,"") | K64: ●
B65: SIDE_Y1 | C65: MADLN15BE | D65: =IFERROR(VLOOKUP(C65,파나소닉A6규격!$A:$C,2,FALSE),IFERROR(VLOOKUP(C65,파스텍EziServo규격!$A:$C,1,FALSE),"")) | E65: =IFERROR(VLOOKUP(C65,파나소닉A6규격!$A:$C,3,FALSE),IFERROR(VLOOKUP(C65,파스텍EziServo규격!$A:$C,3,FALSE),"")) | F65: 1 | G65: 0 | H65: 1 | I65: 0 | J65: =IFERROR(E65*0.9,"") | K65: ●
B66: SIDE_T1 | C66: MADLN05BE | D66: =IFERROR(VLOOKUP(C66,파나소닉A6규격!$A:$C,2,FALSE),IFERROR(VLOOKUP(C66,파스텍EziServo규격!$A:$C,1,FALSE),"")) | E66: =IFERROR(VLOOKUP(C66,파나소닉A6규격!$A:$C,3,FALSE),IFERROR(VLOOKUP(C66,파스텍EziServo규격!$A:$C,3,FALSE),"")) | F66: 1 | G66: 0 | H66: 0 | I66: 1 | J66: =IFERROR(E66*0.9,"") | K66: ● | Q66: 50W
B67: SIDE_X2 | C67: MADLN05BE | D67: =IFERROR(VLOOKUP(C67,파나소닉A6규격!$A:$C,2,FALSE),IFERROR(VLOOKUP(C67,파스텍EziServo규격!$A:$C,1,FALSE),"")) | E67: =IFERROR(VLOOKUP(C67,파나소닉A6규격!$A:$C,3,FALSE),IFERROR(VLOOKUP(C67,파스텍EziServo규격!$A:$C,3,FALSE),"")) | F67: 1 | G67: 1 | H67: 0 | I67: 0 | J67: =IFERROR(E67*0.9,"") | K67: ●
B68: SIDE_Y2 | C68: MADLN15BE | D68: =IFERROR(VLOOKUP(C68,파나소닉A6규격!$A:$C,2,FALSE),IFERROR(VLOOKUP(C68,파스텍EziServo규격!$A:$C,1,FALSE),"")) | E68: =IFERROR(VLOOKUP(C68,파나소닉A6규격!$A:$C,3,FALSE),IFERROR(VLOOKUP(C68,파스텍EziServo규격!$A:$C,3,FALSE),"")) | F68: 1 | G68: 0 | H68: 1 | I68: 0 | J68: =IFERROR(E68*0.9,"") | K68: ●
B69: SIDE_T2 | C69: MADLN05BE | D69: =IFERROR(VLOOKUP(C69,파나소닉A6규격!$A:$C,2,FALSE),IFERROR(VLOOKUP(C69,파스텍EziServo규격!$A:$C,1,FALSE),"")) | E69: =IFERROR(VLOOKUP(C69,파나소닉A6규격!$A:$C,3,FALSE),IFERROR(VLOOKUP(C69,파스텍EziServo규격!$A:$C,3,FALSE),"")) | F69: 1 | G69: 0 | H69: 0 | I69: 1 | J69: =IFERROR(E69*0.9,"") | K69: ● | Q69: 50W
B70: SIDE_X3 | C70: MADLN05BE | D70: =IFERROR(VLOOKUP(C70,파나소닉A6규격!$A:$C,2,FALSE),IFERROR(VLOOKUP(C70,파스텍EziServo규격!$A:$C,1,FALSE),"")) | E70: =IFERROR(VLOOKUP(C70,파나소닉A6규격!$A:$C,3,FALSE),IFERROR(VLOOKUP(C70,파스텍EziServo규격!$A:$C,3,FALSE),"")) | F70: 1 | G70: 1 | H70: 0 | I70: 0 | J70: =IFERROR(E70*0.9,"") | K70: ●
B71: SIDE_Y3 | C71: MADLN15BE | D71: =IFERROR(VLOOKUP(C71,파나소닉A6규격!$A:$C,2,FALSE),IFERROR(VLOOKUP(C71,파스텍EziServo규격!$A:$C,1,FALSE),"")) | E71: =IFERROR(VLOOKUP(C71,파나소닉A6규격!$A:$C,3,FALSE),IFERROR(VLOOKUP(C71,파스텍EziServo규격!$A:$C,3,FALSE),"")) | F71: 1 | G71: 0 | H71: 1 | I71: 0 | J71: =IFERROR(E71*0.9,"") | K71: ●
B72: SIDE_T3 | C72: MADLN05BE | D72: =IFERROR(VLOOKUP(C72,파나소닉A6규격!$A:$C,2,FALSE),IFERROR(VLOOKUP(C72,파스텍EziServo규격!$A:$C,1,FALSE),"")) | E72: =IFERROR(VLOOKUP(C72,파나소닉A6규격!$A:$C,3,FALSE),IFERROR(VLOOKUP(C72,파스텍EziServo규격!$A:$C,3,FALSE),"")) | F72: 1 | G72: 0 | H72: 0 | I72: 1 | J72: =IFERROR(E72*0.9,"") | K72: ● | Q72: 50W
B73: LO_EV | C73: MCDLN35BE | D73: =IFERROR(VLOOKUP(C73,파나소닉A6규격!$A:$C,2,FALSE),IFERROR(VLOOKUP(C73,파스텍EziServo규격!$A:$C,1,FALSE),"")) | E73: =IFERROR(VLOOKUP(C73,파나소닉A6규격!$A:$C,3,FALSE),IFERROR(VLOOKUP(C73,파스텍EziServo규격!$A:$C,3,FALSE),"")) | F73: 1 | G73: 1 | H73: 0 | I73: 0 | J73: =IFERROR(E73*0.9,"") | K73: ● | Q73: 800W 서보
B74: LO_FD | C74: MADLN05BE | D74: =IFERROR(VLOOKUP(C74,파나소닉A6규격!$A:$C,2,FALSE),IFERROR(VLOOKUP(C74,파스텍EziServo규격!$A:$C,1,FALSE),"")) | E74: =IFERROR(VLOOKUP(C74,파나소닉A6규격!$A:$C,3,FALSE),IFERROR(VLOOKUP(C74,파스텍EziServo규격!$A:$C,3,FALSE),"")) | F74: 1 | G74: 0 | H74: 1 | I74: 0 | J74: =IFERROR(E74*0.9,"") | K74: ●
B75: LO_FD_Z | C75: MBDLN25BE | D75: =IFERROR(VLOOKUP(C75,파나소닉A6규격!$A:$C,2,FALSE),IFERROR(VLOOKUP(C75,파스텍EziServo규격!$A:$C,1,FALSE),"")) | E75: =IFERROR(VLOOKUP(C75,파나소닉A6규격!$A:$C,3,FALSE),IFERROR(VLOOKUP(C75,파스텍EziServo규격!$A:$C,3,FALSE),"")) | F75: 1 | G75: 0 | H75: 0 | I75: 1 | J75: =IFERROR(E75*0.9,"") | K75: ●
B76: LO_FD_ALIGN | C76: MADLN05BE | D76: =IFERROR(VLOOKUP(C76,파나소닉A6규격!$A:$C,2,FALSE),IFERROR(VLOOKUP(C76,파스텍EziServo규격!$A:$C,1,FALSE),"")) | E76: =IFERROR(VLOOKUP(C76,파나소닉A6규격!$A:$C,3,FALSE),IFERROR(VLOOKUP(C76,파스텍EziServo규격!$A:$C,3,FALSE),"")) | F76: 1 | G76: 1 | H76: 0 | I76: 0 | J76: =IFERROR(E76*0.9,"") | K76: ●
B77: LO_FD_INDEX | C77: MBDLN25BE | D77: =IFERROR(VLOOKUP(C77,파나소닉A6규격!$A:$C,2,FALSE),IFERROR(VLOOKUP(C77,파스텍EziServo규격!$A:$C,1,FALSE),"")) | E77: =IFERROR(VLOOKUP(C77,파나소닉A6규격!$A:$C,3,FALSE),IFERROR(VLOOKUP(C77,파스텍EziServo규격!$A:$C,3,FALSE),"")) | F77: 1 | G77: 0 | H77: 1 | I77: 0 | J77: =IFERROR(E77*0.9,"") | K77: ●
A78: 판넬3 AC 소계 소계 | E78: =SUM(E57:E77) | J78: =SUM(J57:J77) | O78: =CEILING(E78*1.25,5) | Q78: E×1.25→CEILING 5A 단위
A80: ■ 판넬3 — EziServo/EziSpeed (DC 24V)
B81: LO_EV_CONV | C81: EZI-SPEED60H30CR100P | D81: =IFERROR(VLOOKUP(C81,파나소닉A6규격!$A:$C,2,FALSE),IFERROR(VLOOKUP(C81,파스텍EziServo규격!$A:$C,1,FALSE),"")) | E81: =IFERROR(VLOOKUP(C81,파나소닉A6규격!$A:$C,3,FALSE),IFERROR(VLOOKUP(C81,파스텍EziServo규격!$A:$C,3,FALSE),"")) | F81: 1 | G81: 0 | H81: 0 | I81: 0 | J81: =IFERROR(E81*0.9,"") | L81: ● | Q81: 컨베이어 EziSpeed (DC24V)
B82: ULO_EV_CONV | C82: EZI-SPEED60H30CR100P | D82: =IFERROR(VLOOKUP(C82,파나소닉A6규격!$A:$C,2,FALSE),IFERROR(VLOOKUP(C82,파스텍EziServo규격!$A:$C,1,FALSE),"")) | E82: =IFERROR(VLOOKUP(C82,파나소닉A6규격!$A:$C,3,FALSE),IFERROR(VLOOKUP(C82,파스텍EziServo규격!$A:$C,3,FALSE),"")) | F82: 1 | G82: 0 | H82: 0 | I82: 0 | J82: =IFERROR(E82*0.9,"") | L82: ●
B83: NG_EV_LO_CONV | C83: EZI-SPEED60H30CR100P | D83: =IFERROR(VLOOKUP(C83,파나소닉A6규격!$A:$C,2,FALSE),IFERROR(VLOOKUP(C83,파스텍EziServo규격!$A:$C,1,FALSE),"")) | E83: =IFERROR(VLOOKUP(C83,파나소닉A6규격!$A:$C,3,FALSE),IFERROR(VLOOKUP(C83,파스텍EziServo규격!$A:$C,3,FALSE),"")) | F83: 1 | G83: 0 | H83: 0 | I83: 0 | J83: =IFERROR(E83*0.9,"") | L83: ●
B84: NG_EV_ULO_CONV | C84: EZI-SPEED60H30CR100P | D84: =IFERROR(VLOOKUP(C84,파나소닉A6규격!$A:$C,2,FALSE),IFERROR(VLOOKUP(C84,파스텍EziServo규격!$A:$C,1,FALSE),"")) | E84: =IFERROR(VLOOKUP(C84,파나소닉A6규격!$A:$C,3,FALSE),IFERROR(VLOOKUP(C84,파스텍EziServo규격!$A:$C,3,FALSE),"")) | F84: 1 | G84: 0 | H84: 0 | I84: 0 | J84: =IFERROR(E84*0.9,"") | L84: ●
B85: GOOD_EV_LO_CONV | C85: EZI-SPEED60H30CR100P | D85: =IFERROR(VLOOKUP(C85,파나소닉A6규격!$A:$C,2,FALSE),IFERROR(VLOOKUP(C85,파스텍EziServo규격!$A:$C,1,FALSE),"")) | E85: =IFERROR(VLOOKUP(C85,파나소닉A6규격!$A:$C,3,FALSE),IFERROR(VLOOKUP(C85,파스텍EziServo규격!$A:$C,3,FALSE),"")) | F85: 1 | G85: 0 | H85: 0 | I85: 0 | J85: =IFERROR(E85*0.9,"") | L85: ●
B86: GOOD_EV_ULO_CONV | C86: EZI-SPEED60H30CR100P | D86: =IFERROR(VLOOKUP(C86,파나소닉A6규격!$A:$C,2,FALSE),IFERROR(VLOOKUP(C86,파스텍EziServo규격!$A:$C,1,FALSE),"")) | E86: =IFERROR(VLOOKUP(C86,파나소닉A6규격!$A:$C,3,FALSE),IFERROR(VLOOKUP(C86,파스텍EziServo규격!$A:$C,3,FALSE),"")) | F86: 1 | G86: 0 | H86: 0 | I86: 0 | J86: =IFERROR(E86*0.9,"") | L86: ●
A87: 판넬3 EziServo 소계 소계 | E87: =SUM(E81:E86) | J87: =SUM(J81:J86) | O87: =CEILING(E87*1.25,5) | Q87: E×1.25→CEILING 5A 단위
A89: ■ 판넬4 — 파나소닉 A6 서보드라이버 (AC200V)
A90: 판넬4 | B90: TOP_MAC_Y | C90: MADLN15BE | D90: =IFERROR(VLOOKUP(C90,파나소닉A6규격!$A:$C,2,FALSE),IFERROR(VLOOKUP(C90,파스텍EziServo규격!$A:$C,1,FALSE),"")) | E90: =IFERROR(VLOOKUP(C90,파나소닉A6규격!$A:$C,3,FALSE),IFERROR(VLOOKUP(C90,파스텍EziServo규격!$A:$C,3,FALSE),"")) | F90: 1 | G90: 0 | H90: 1 | I90: 0 | J90: =IFERROR(E90*0.9,"") | K90: ●
B91: TOP_MAC_X | C91: MADLN15BE | D91: =IFERROR(VLOOKUP(C91,파나소닉A6규격!$A:$C,2,FALSE),IFERROR(VLOOKUP(C91,파스텍EziServo규격!$A:$C,1,FALSE),"")) | E91: =IFERROR(VLOOKUP(C91,파나소닉A6규격!$A:$C,3,FALSE),IFERROR(VLOOKUP(C91,파스텍EziServo규격!$A:$C,3,FALSE),"")) | F91: 1 | G91: 0 | H91: 0 | I91: 1 | J91: =IFERROR(E91*0.9,"") | K91: ●
B92: TOP_MAC_Z | C92: MADLN05BE | D92: =IFERROR(VLOOKUP(C92,파나소닉A6규격!$A:$C,2,FALSE),IFERROR(VLOOKUP(C92,파스텍EziServo규격!$A:$C,1,FALSE),"")) | E92: =IFERROR(VLOOKUP(C92,파나소닉A6규격!$A:$C,3,FALSE),IFERROR(VLOOKUP(C92,파스텍EziServo규격!$A:$C,3,FALSE),"")) | F92: 1 | G92: 1 | H92: 0 | I92: 0 | J92: =IFERROR(E92*0.9,"") | K92: ●
B93: TOP_MIC_Y | C93: MADLN15BE | D93: =IFERROR(VLOOKUP(C93,파나소닉A6규격!$A:$C,2,FALSE),IFERROR(VLOOKUP(C93,파스텍EziServo규격!$A:$C,1,FALSE),"")) | E93: =IFERROR(VLOOKUP(C93,파나소닉A6규격!$A:$C,3,FALSE),IFERROR(VLOOKUP(C93,파스텍EziServo규격!$A:$C,3,FALSE),"")) | F93: 1 | G93: 0 | H93: 1 | I93: 0 | J93: =IFERROR(E93*0.9,"") | K93: ●
B94: TOP_MIC_X | C94: MADLN15BE | D94: =IFERROR(VLOOKUP(C94,파나소닉A6규격!$A:$C,2,FALSE),IFERROR(VLOOKUP(C94,파스텍EziServo규격!$A:$C,1,FALSE),"")) | E94: =IFERROR(VLOOKUP(C94,파나소닉A6규격!$A:$C,3,FALSE),IFERROR(VLOOKUP(C94,파스텍EziServo규격!$A:$C,3,FALSE),"")) | F94: 1 | G94: 0 | H94: 0 | I94: 1 | J94: =IFERROR(E94*0.9,"") | K94: ●
B95: TOP_MIC_Z | C95: MADLN05BE | D95: =IFERROR(VLOOKUP(C95,파나소닉A6규격!$A:$C,2,FALSE),IFERROR(VLOOKUP(C95,파스텍EziServo규격!$A:$C,1,FALSE),"")) | E95: =IFERROR(VLOOKUP(C95,파나소닉A6규격!$A:$C,3,FALSE),IFERROR(VLOOKUP(C95,파스텍EziServo규격!$A:$C,3,FALSE),"")) | F95: 1 | G95: 1 | H95: 0 | I95: 0 | J95: =IFERROR(E95*0.9,"") | K95: ●
B96: INSPEC_CONV1 | C96: MADLN15BE | D96: =IFERROR(VLOOKUP(C96,파나소닉A6규격!$A:$C,2,FALSE),IFERROR(VLOOKUP(C96,파스텍EziServo규격!$A:$C,1,FALSE),"")) | E96: =IFERROR(VLOOKUP(C96,파나소닉A6규격!$A:$C,3,FALSE),IFERROR(VLOOKUP(C96,파스텍EziServo규격!$A:$C,3,FALSE),"")) | F96: 1 | G96: 0 | H96: 1 | I96: 0 | J96: =IFERROR(E96*0.9,"") | K96: ●
B97: INSPEC_CONV2 | C97: MADLN15BE | D97: =IFERROR(VLOOKUP(C97,파나소닉A6규격!$A:$C,2,FALSE),IFERROR(VLOOKUP(C97,파스텍EziServo규격!$A:$C,1,FALSE),"")) | E97: =IFERROR(VLOOKUP(C97,파나소닉A6규격!$A:$C,3,FALSE),IFERROR(VLOOKUP(C97,파스텍EziServo규격!$A:$C,3,FALSE),"")) | F97: 1 | G97: 0 | H97: 0 | I97: 1 | J97: =IFERROR(E97*0.9,"") | K97: ●
B98: JIG_PLATE_CONV1 | C98: MADLN15BE | D98: =IFERROR(VLOOKUP(C98,파나소닉A6규격!$A:$C,2,FALSE),IFERROR(VLOOKUP(C98,파스텍EziServo규격!$A:$C,1,FALSE),"")) | E98: =IFERROR(VLOOKUP(C98,파나소닉A6규격!$A:$C,3,FALSE),IFERROR(VLOOKUP(C98,파스텍EziServo규격!$A:$C,3,FALSE),"")) | F98: 1 | G98: 1 | H98: 0 | I98: 0 | J98: =IFERROR(E98*0.9,"") | K98: ●
B99: JIG_PLATE_CONV2 | C99: MADLN15BE | D99: =IFERROR(VLOOKUP(C99,파나소닉A6규격!$A:$C,2,FALSE),IFERROR(VLOOKUP(C99,파스텍EziServo규격!$A:$C,1,FALSE),"")) | E99: =IFERROR(VLOOKUP(C99,파나소닉A6규격!$A:$C,3,FALSE),IFERROR(VLOOKUP(C99,파스텍EziServo규격!$A:$C,3,FALSE),"")) | F99: 1 | G99: 0 | H99: 1 | I99: 0 | J99: =IFERROR(E99*0.9,"") | K99: ●
B100: LO_JIG_TRANSFER_Y | C100: MADLN05BE | D100: =IFERROR(VLOOKUP(C100,파나소닉A6규격!$A:$C,2,FALSE),IFERROR(VLOOKUP(C100,파스텍EziServo규격!$A:$C,1,FALSE),"")) | E100: =IFERROR(VLOOKUP(C100,파나소닉A6규격!$A:$C,3,FALSE),IFERROR(VLOOKUP(C100,파스텍EziServo규격!$A:$C,3,FALSE),"")) | F100: 1 | G100: 0 | H100: 0 | I100: 1 | J100: =IFERROR(E100*0.9,"") | K100: ●
B101: LO_JIG_TRANSFER_Z | C101: MADLN05BE | D101: =IFERROR(VLOOKUP(C101,파나소닉A6규격!$A:$C,2,FALSE),IFERROR(VLOOKUP(C101,파스텍EziServo규격!$A:$C,1,FALSE),"")) | E101: =IFERROR(VLOOKUP(C101,파나소닉A6규격!$A:$C,3,FALSE),IFERROR(VLOOKUP(C101,파스텍EziServo규격!$A:$C,3,FALSE),"")) | F101: 1 | G101: 1 | H101: 0 | I101: 0 | J101: =IFERROR(E101*0.9,"") | K101: ●
B102: TURN_PLATE | C102: MADLN05BE | D102: =IFERROR(VLOOKUP(C102,파나소닉A6규격!$A:$C,2,FALSE),IFERROR(VLOOKUP(C102,파스텍EziServo규격!$A:$C,1,FALSE),"")) | E102: =IFERROR(VLOOKUP(C102,파나소닉A6규격!$A:$C,3,FALSE),IFERROR(VLOOKUP(C102,파스텍EziServo규격!$A:$C,3,FALSE),"")) | F102: 1 | G102: 0 | H102: 1 | I102: 0 | J102: =IFERROR(E102*0.9,"") | K102: ●
B103: INSEPC_Y | C103: MDDLN55BL | D103: =IFERROR(VLOOKUP(C103,파나소닉A6규격!$A:$C,2,FALSE),IFERROR(VLOOKUP(C103,파스텍EziServo규격!$A:$C,1,FALSE),"")) | E103: =IFERROR(VLOOKUP(C103,파나소닉A6규격!$A:$C,3,FALSE),IFERROR(VLOOKUP(C103,파스텍EziServo규격!$A:$C,3,FALSE),"")) | F103: 3 | G103: 1 | H103: 1 | I103: 1 | J103: =IFERROR(E103*0.9,"") | K103: ● | Q103: Linear Motor Driver
B104: INSPEC_X | C104: MCDLN35BL | D104: =IFERROR(VLOOKUP(C104,파나소닉A6규격!$A:$C,2,FALSE),IFERROR(VLOOKUP(C104,파스텍EziServo규격!$A:$C,1,FALSE),"")) | E104: =IFERROR(VLOOKUP(C104,파나소닉A6규격!$A:$C,3,FALSE),IFERROR(VLOOKUP(C104,파스텍EziServo규격!$A:$C,3,FALSE),"")) | F104: 3 | G104: 0 | H104: 1 | I104: 1 | J104: =IFERROR(E104*0.9,"") | K104: ● | Q104: Linear Motor Driver
B105: INSPEC_Z1 | C105: MADLN05BE | D105: =IFERROR(VLOOKUP(C105,파나소닉A6규격!$A:$C,2,FALSE),IFERROR(VLOOKUP(C105,파스텍EziServo규격!$A:$C,1,FALSE),"")) | E105: =IFERROR(VLOOKUP(C105,파나소닉A6규격!$A:$C,3,FALSE),IFERROR(VLOOKUP(C105,파스텍EziServo규격!$A:$C,3,FALSE),"")) | F105: 1 | G105: 1 | H105: 0 | I105: 0 | J105: =IFERROR(E105*0.9,"") | K105: ●
B106: INSPEC_Z2 | C106: MADLN05BE | D106: =IFERROR(VLOOKUP(C106,파나소닉A6규격!$A:$C,2,FALSE),IFERROR(VLOOKUP(C106,파스텍EziServo규격!$A:$C,1,FALSE),"")) | E106: =IFERROR(VLOOKUP(C106,파나소닉A6규격!$A:$C,3,FALSE),IFERROR(VLOOKUP(C106,파스텍EziServo규격!$A:$C,3,FALSE),"")) | F106: 1 | G106: 0 | H106: 1 | I106: 0 | J106: =IFERROR(E106*0.9,"") | K106: ●
A107: 판넬4 AC 소계 소계 | E107: =SUM(E90:E106) | J107: =SUM(J90:J106) | O107: =CEILING(E107*1.25,5) | Q107: E×1.25→CEILING 5A 단위
...

Sheet 파나소닉A6규격
A1: 파나소닉 A6 드라이버 규격 (VLOOKUP 참조)
A3: 드라이버 모델 | B3: 정격출력(W) | C3: 정격입력전류(A) | D3: 비고
A4: MADLN05BE | B4: 100 | C4: 0.9 | D4: 50W~100W 서보
A5: MADLN10BE | B5: 100 | C5: 1.2 | D5: 100W 서보
A6: MADLN15BE | B6: 200 | C6: 1.5 | D6: 200W 서보
A7: MADLN23BE | B7: 400 | C7: 2.3 | D7: 400W 서보
A8: MBDLN25BE | B8: 400 | C8: 2.5 | D8: 400W 서보
A9: MBDLN55BE | B9: 750 | C9: 5 | D9: 750W 서보
A10: MCDLN35BE | B10: 800 | C10: 5 | D10: 750W~800W 서보
A11: MCDLN35BL | B11: 0 | C11: 5 | D11: Linear Motor Driver
A12: MDDLN55BL | B12: 0 | C12: 8.5 | D12: Linear Motor Driver (대형)

Sheet 파스텍EziServo규격
A1: 파스텍 EziServo / EziSpeed 규격 (VLOOKUP 참조)
A3: 드라이버/액추에이터 모델 | B3: 전원 | C3: 정격전류(A) | D3: 비고
A4: Ezi-EC-42XL-A | B4: DC 24V | C4: 2 | D4: EziServo EC 소형
A5: Ezi-EC-42M-A | B5: DC 24V | C5: 1.5 | D5: EziServo EC 미니
A6: EZI-SPEED60H30CR100P | B6: DC 24V | C6: 3 | D6: EziSpeed 컨베이어
A7: EM542S | B7: DC 24~50V | C7: 4.2 | D7: 파스텍 스텝드라이버
A8: EM806 | B8: DC 24~80V | C8: 8 | D8: 파스텍 스텝드라이버

Sheet 차단기규격
A1: 차단기 규격 참조표 (MCCB/MCB 3P, AC200V)
A3: 정격(A) | B3: 적용 전류범위 | C3: 제조사 | D3: 모델명 | E3: 비고
A4: 5 | B4: ~4A | C4: LS/Chint | D4: ABN5c / NXB-63 | E4: EziServo 2~3개
A5: 10 | B5: 4~8A | C5: LS/Chint | D5: ABN10c / NXB-63 | E5: 100W 서보 5축 이하
A6: 15 | B6: 8~12A | C6: LS/Chint | D6: ABN15c / NXB-63
A7: 20 | B7: 12~16A | C7: LS/Chint | D7: ABN20c / NXB-63 | E7: 중형 판넬
A8: 25 | B8: 16~20A | C8: LS/Chint | D8: ABN25c / NXB-63
A9: 30 | B9: 20~24A | C9: LS/Chint | D9: ABN30c / NXB-63 | E9: 다축 서보
A10: 40 | B10: 24~32A | C10: LS/Chint | D10: ABN40c
A11: 50 | B11: 32~40A | C11: LS/Chint | D11: ABN50c | E11: 대형 판넬
A12: 63 | B12: 40~50A | C12: LS/Chint | D12: ABN63c
A13: 75 | B13: 50~60A | C13: LS/Chint | D13: ABN75c | E13: 메인 차단기
A14: 100 | B14: 60~80A | C14: LS/Chint | D14: ABN100c
