Workbook

Sheet 판넬별 차단기 선정표
A1: 대구텍 검사기 F2 #1 — 판넬별 전류·용량 계산 및 차단기 선정표
A2: 전원: | B2: AC 220V / 3상 | C2: 역률(PF): | D2: 0.95 | E2: 안전계수: | F2: 1.25 | G2: 수용률: | H2: 0.7 | I2: 작성일: | J2: 2026-04-03 | K2: ▶ 역률(PF): kVA 환산에 반영 ▶ 안전계수×1.25: 각 판넬 소계의 권장차단기 산출 ▶ 수용률: J열 설계전류 = 정격전류(E열)×수용률
A4: ▶ 전체 부하 요약 (판넬별 소계 완성 후 자동계산)
A5: 구분 | B5: 총 정격전류 (A) | C5: ×안전계수(1.25) | D5: 권장 차단기 (A) | E5: 총 부하 (kVA) | F5: 비고
A6: AC 3상 220V 파나소닉 A6 서보드라이버 | B6: =E34+E54+E78+E106 | C6: =B6*$F$2 | D6: → Sheet4 참조 | E6: =B6*220*SQRT(3)/1000 | F6: =TEXT(B6,"0.00")&"A × $F$2 = "&TEXT(C6,"0.00")&"A 이상 선정"
A7: AC 단상 220V 파스텍 EziServo/EziSpeed | B7: =E114 | C7: =B7*$F$2 | D7: → Sheet4 참조 | E7: =B7*220/1000 | F7: =TEXT(B7,"0.00")&"A × $F$2 = "&TEXT(C7,"0.00")&"A 이상 선정"
A8: DC 24V 서보I/O·센서·솔레노이드 등 | B8: =E131 | C8: =B8*$F$2 | D8: SMPS 별도 | E8: =B8*24/1000 | F8: DC 전원장치 용량: 합계전류 × 1.25 이상
A9: 기타 부하 UPS·HMI·조명 등 | B9: =E141 | C9: =B9*$F$2 | D9: → Sheet4 참조 | E9: =B9*220/1000 | F9: =TEXT(B9,"0.00")&"A × $F$2 = "&TEXT(C9,"0.00")&"A 이상 선정"
A11: ▶ R/S/T 상별 전류 편중 분석 (참조용 — 상 배분 최적화 시 활용)
A12: 구분 | B12: R상 (A) | C12: S상 (A) | D12: T상 (A) | E12: 최대-최소 (A) | F12: 불균형률 (%) | G12: 판정 | H12: 기준: 10% 이하 권장
A13: AC 3상 서보드라이버
A14: 기타 AC 부하
A15: 전체 합계
A17: 기준: | B17: 역률(PF)=$D$2 | C17: 안전계수=$F$2 | D17: 수용률=$H$2
A18: 판넬 | B18: 축/유닛명 | C18: 드라이버/장치 모델 | D18: 출력(W) [자동] | E18: 정격전류(A) [자동] | F18: 상수 | G18: R상 할당 | H18: S상 할당 | I18: T상 할당 | J18: 설계전류(A) =E×수용률 | K18: 전원 구분 | O18: 권장 차단기(A) | P18: 제조사/모델 | Q18: 비고 / 수식 설명
K19: AC 3상 220V | L19: AC 단상 220V | M19: DC 24V | N19: 기타
A20: ■ 판넬 1 — AC 3상 서보드라이버 (파나소닉 A6)
A21: 판넬1 | B21: LO_Y1 | C21: MDDLN55BL | D21: =IFERROR(VLOOKUP(C21,파나소닉A6규격!$A:$B,2,FALSE),"") | E21: =IFERROR(VLOOKUP(C21,파나소닉A6규격!$A:$C,3,FALSE),IFERROR(VLOOKUP(C21,파스텍EziServo규격!$A:$B,2,FALSE),"")) | F21: 1 | G21: 1 | H21: 1 | I21: 1 | J21: =IF(E21="","",ROUND(E21*$H$2,3)) | K21: ● | Q21: =IF(D21="","","출력:"&D21&"W 정격:"&TEXT(E21,"0.0")&"A 설계:"&TEXT(J21,"0.000")&"A")
A22: 판넬1 | B22: LO_X1 | C22: MCDLN35BL | D22: =IFERROR(VLOOKUP(C22,파나소닉A6규격!$A:$B,2,FALSE),"") | E22: =IFERROR(VLOOKUP(C22,파나소닉A6규격!$A:$C,3,FALSE),IFERROR(VLOOKUP(C22,파스텍EziServo규격!$A:$B,2,FALSE),"")) | F22: 1 | G22: 1 | H22: 1 | I22: 1 | J22: =IF(E22="","",ROUND(E22*$H$2,3)) | K22: ● | Q22: =IF(D22="","","출력:"&D22&"W 정격:"&TEXT(E22,"0.0")&"A 설계:"&TEXT(J22,"0.000")&"A")
A23: 판넬1 | B23: LO_Z1 | C23: MADLN05BE | D23: =IFERROR(VLOOKUP(C23,파나소닉A6규격!$A:$B,2,FALSE),"") | E23: =IFERROR(VLOOKUP(C23,파나소닉A6규격!$A:$C,3,FALSE),IFERROR(VLOOKUP(C23,파스텍EziServo규격!$A:$B,2,FALSE),"")) | F23: 1 | G23: 1 | H23: 1 | I23: 1 | J23: =IF(E23="","",ROUND(E23*$H$2,3)) | K23: ● | Q23: =IF(D23="","","출력:"&D23&"W 정격:"&TEXT(E23,"0.0")&"A 설계:"&TEXT(J23,"0.000")&"A")
A24: 판넬1 | B24: ULO_Y1 | C24: MCDLN35BL | D24: =IFERROR(VLOOKUP(C24,파나소닉A6규격!$A:$B,2,FALSE),"") | E24: =IFERROR(VLOOKUP(C24,파나소닉A6규격!$A:$C,3,FALSE),IFERROR(VLOOKUP(C24,파스텍EziServo규격!$A:$B,2,FALSE),"")) | F24: 1 | G24: 1 | H24: 1 | I24: 1 | J24: =IF(E24="","",ROUND(E24*$H$2,3)) | K24: ● | Q24: =IF(D24="","","출력:"&D24&"W 정격:"&TEXT(E24,"0.0")&"A 설계:"&TEXT(J24,"0.000")&"A")
A25: 판넬1 | B25: ULO_X1 | C25: MCDLN35BL | D25: =IFERROR(VLOOKUP(C25,파나소닉A6규격!$A:$B,2,FALSE),"") | E25: =IFERROR(VLOOKUP(C25,파나소닉A6규격!$A:$C,3,FALSE),IFERROR(VLOOKUP(C25,파스텍EziServo규격!$A:$B,2,FALSE),"")) | F25: 1 | G25: 1 | H25: 1 | I25: 1 | J25: =IF(E25="","",ROUND(E25*$H$2,3)) | K25: ● | Q25: =IF(D25="","","출력:"&D25&"W 정격:"&TEXT(E25,"0.0")&"A 설계:"&TEXT(J25,"0.000")&"A")
A26: 판넬1 | B26: ULO_Z1 | C26: MADLN05BE | D26: =IFERROR(VLOOKUP(C26,파나소닉A6규격!$A:$B,2,FALSE),"") | E26: =IFERROR(VLOOKUP(C26,파나소닉A6규격!$A:$C,3,FALSE),IFERROR(VLOOKUP(C26,파스텍EziServo규격!$A:$B,2,FALSE),"")) | F26: 1 | G26: 1 | H26: 1 | I26: 1 | J26: =IF(E26="","",ROUND(E26*$H$2,3)) | K26: ● | Q26: =IF(D26="","","출력:"&D26&"W 정격:"&TEXT(E26,"0.0")&"A 설계:"&TEXT(J26,"0.000")&"A")
A27: 판넬1 | B27: NG_EV | C27: MCDLN35BE | D27: =IFERROR(VLOOKUP(C27,파나소닉A6규격!$A:$B,2,FALSE),"") | E27: =IFERROR(VLOOKUP(C27,파나소닉A6규격!$A:$C,3,FALSE),IFERROR(VLOOKUP(C27,파스텍EziServo규격!$A:$B,2,FALSE),"")) | F27: 1 | G27: 1 | H27: 1 | I27: 1 | J27: =IF(E27="","",ROUND(E27*$H$2,3)) | K27: ● | Q27: =IF(D27="","","출력:"&D27&"W 정격:"&TEXT(E27,"0.0")&"A 설계:"&TEXT(J27,"0.000")&"A")
A28: 판넬1 | B28: NG_FD | C28: MADLN05BE | D28: =IFERROR(VLOOKUP(C28,파나소닉A6규격!$A:$B,2,FALSE),"") | E28: =IFERROR(VLOOKUP(C28,파나소닉A6규격!$A:$C,3,FALSE),IFERROR(VLOOKUP(C28,파스텍EziServo규격!$A:$B,2,FALSE),"")) | F28: 1 | G28: 1 | H28: 1 | I28: 1 | J28: =IF(E28="","",ROUND(E28*$H$2,3)) | K28: ● | Q28: =IF(D28="","","출력:"&D28&"W 정격:"&TEXT(E28,"0.0")&"A 설계:"&TEXT(J28,"0.000")&"A")
A29: 판넬1 | B29: NG_FD_Z | C29: MBDLN25BE | D29: =IFERROR(VLOOKUP(C29,파나소닉A6규격!$A:$B,2,FALSE),"") | E29: =IFERROR(VLOOKUP(C29,파나소닉A6규격!$A:$C,3,FALSE),IFERROR(VLOOKUP(C29,파스텍EziServo규격!$A:$B,2,FALSE),"")) | F29: 1 | G29: 1 | H29: 1 | I29: 1 | J29: =IF(E29="","",ROUND(E29*$H$2,3)) | K29: ● | Q29: =IF(D29="","","출력:"&D29&"W 정격:"&TEXT(E29,"0.0")&"A 설계:"&TEXT(J29,"0.000")&"A")
A30: 판넬1 | B30: NG_FD_ALIGN | C30: MADLN05BE | D30: =IFERROR(VLOOKUP(C30,파나소닉A6규격!$A:$B,2,FALSE),"") | E30: =IFERROR(VLOOKUP(C30,파나소닉A6규격!$A:$C,3,FALSE),IFERROR(VLOOKUP(C30,파스텍EziServo규격!$A:$B,2,FALSE),"")) | F30: 1 | G30: 1 | H30: 1 | I30: 1 | J30: =IF(E30="","",ROUND(E30*$H$2,3)) | K30: ● | Q30: =IF(D30="","","출력:"&D30&"W 정격:"&TEXT(E30,"0.0")&"A 설계:"&TEXT(J30,"0.000")&"A")
A31: 판넬1 | B31: NG_FD_INDEX | C31: MBDLN25BE | D31: =IFERROR(VLOOKUP(C31,파나소닉A6규격!$A:$B,2,FALSE),"") | E31: =IFERROR(VLOOKUP(C31,파나소닉A6규격!$A:$C,3,FALSE),IFERROR(VLOOKUP(C31,파스텍EziServo규격!$A:$B,2,FALSE),"")) | F31: 1 | G31: 1 | H31: 1 | I31: 1 | J31: =IF(E31="","",ROUND(E31*$H$2,3)) | K31: ● | Q31: =IF(D31="","","출력:"&D31&"W 정격:"&TEXT(E31,"0.0")&"A 설계:"&TEXT(J31,"0.000")&"A")
A32: 판넬1 | B32: JIG_ULO_Y | C32: MADLN05BE | D32: =IFERROR(VLOOKUP(C32,파나소닉A6규격!$A:$B,2,FALSE),"") | E32: =IFERROR(VLOOKUP(C32,파나소닉A6규격!$A:$C,3,FALSE),IFERROR(VLOOKUP(C32,파스텍EziServo규격!$A:$B,2,FALSE),"")) | F32: 1 | G32: 1 | H32: 1 | I32: 1 | J32: =IF(E32="","",ROUND(E32*$H$2,3)) | K32: ● | Q32: =IF(D32="","","출력:"&D32&"W 정격:"&TEXT(E32,"0.0")&"A 설계:"&TEXT(J32,"0.000")&"A")
A33: 판넬1 | B33: JIG_ULO_Z | C33: MADLN05BE | D33: =IFERROR(VLOOKUP(C33,파나소닉A6규격!$A:$B,2,FALSE),"") | E33: =IFERROR(VLOOKUP(C33,파나소닉A6규격!$A:$C,3,FALSE),IFERROR(VLOOKUP(C33,파스텍EziServo규격!$A:$B,2,FALSE),"")) | F33: 1 | G33: 1 | H33: 1 | I33: 1 | J33: =IF(E33="","",ROUND(E33*$H$2,3)) | K33: ● | Q33: =IF(D33="","","출력:"&D33&"W 정격:"&TEXT(E33,"0.0")&"A 설계:"&TEXT(J33,"0.000")&"A")
A34: ▶ 판넬 1 AC합계 | E34: =SUM(E21:E33) | J34: =SUM(J21:J33) | O34: 20 | P34: LS ABN20c | Q34: =TEXT(J34,"0.00")&"A×안전계수("&$F$2&")="&TEXT(J34*$F$2,"0.00")&"A → 20A 선정"
A35: 판넬 | B35: 축/유닛명 | C35: 드라이버/장치 모델 | D35: 출력W[자동] | E35: 정격전류[자동] | F35: 상수 | G35: R상 | H35: S상 | I35: T상 | J35: 설계전류(×수용률) | K35: AC3상 | L35: AC단상 | M35: DC24V | N35: 기타 | O35: 권장차단기 | P35: 제조사/모델 | Q35: 비고
A36: ■ 파스텍 EziServo / EziSpeed (AC 단상 입력) — 판넬 1
A37: 판넬1 | B37: LO_R1_1 | C37: Ezi-EC-42XL-A | D37: =IFERROR(VLOOKUP(C37,파나소닉A6규격!$A:$B,2,FALSE),"") | E37: =IFERROR(VLOOKUP(C37,파나소닉A6규격!$A:$C,3,FALSE),IFERROR(VLOOKUP(C37,파스텍EziServo규격!$A:$B,2,FALSE),"")) | F37: 1 | G37: 0 | H37: 0 | I37: 0 | J37: =IF(E37="","",ROUND(E37*$H$2,3)) | L37: ● | Q37: LO 회전 R1 #1
A38: 판넬1 | B38: LO_R1_2 | C38: Ezi-EC-42XL-A | D38: =IFERROR(VLOOKUP(C38,파나소닉A6규격!$A:$B,2,FALSE),"") | E38: =IFERROR(VLOOKUP(C38,파나소닉A6규격!$A:$C,3,FALSE),IFERROR(VLOOKUP(C38,파스텍EziServo규격!$A:$B,2,FALSE),"")) | F38: 1 | G38: 0 | H38: 0 | I38: 0 | J38: =IF(E38="","",ROUND(E38*$H$2,3)) | L38: ● | Q38: LO 회전 R1 #2
A39: 판넬 | B39: 축/유닛명 | C39: 드라이버/장치 모델 | D39: 출력W[자동] | E39: 정격전류[자동] | F39: 상수 | G39: R상 | H39: S상 | I39: T상 | J39: 설계전류(×수용률) | K39: AC3상 | L39: AC단상 | M39: DC24V | N39: 기타 | O39: 권장차단기 | P39: 제조사/모델 | Q39: 비고
A40: ■ 판넬 2 — AC 3상 서보드라이버 (파나소닉 A6)
A41: 판넬2 | B41: GOOD_EV | C41: MCDLN35BE | D41: =IFERROR(VLOOKUP(C41,파나소닉A6규격!$A:$B,2,FALSE),"") | E41: =IFERROR(VLOOKUP(C41,파나소닉A6규격!$A:$C,3,FALSE),IFERROR(VLOOKUP(C41,파스텍EziServo규격!$A:$B,2,FALSE),"")) | F41: 1 | G41: 1 | H41: 1 | I41: 1 | J41: =IF(E41="","",ROUND(E41*$H$2,3)) | K41: ●
A42: 판넬2 | B42: GOOD_FD | C42: MADLN05BE | D42: =IFERROR(VLOOKUP(C42,파나소닉A6규격!$A:$B,2,FALSE),"") | E42: =IFERROR(VLOOKUP(C42,파나소닉A6규격!$A:$C,3,FALSE),IFERROR(VLOOKUP(C42,파스텍EziServo규격!$A:$B,2,FALSE),"")) | F42: 1 | G42: 1 | H42: 1 | I42: 1 | J42: =IF(E42="","",ROUND(E42*$H$2,3)) | K42: ●
A43: 판넬2 | B43: GOOD_FD_Z | C43: MBDLN25BE | D43: =IFERROR(VLOOKUP(C43,파나소닉A6규격!$A:$B,2,FALSE),"") | E43: =IFERROR(VLOOKUP(C43,파나소닉A6규격!$A:$C,3,FALSE),IFERROR(VLOOKUP(C43,파스텍EziServo규격!$A:$B,2,FALSE),"")) | F43: 1 | G43: 1 | H43: 1 | I43: 1 | J43: =IF(E43="","",ROUND(E43*$H$2,3)) | K43: ●
A44: 판넬2 | B44: GOOD_FD_ALIGN | C44: MADLN05BE | D44: =IFERROR(VLOOKUP(C44,파나소닉A6규격!$A:$B,2,FALSE),"") | E44: =IFERROR(VLOOKUP(C44,파나소닉A6규격!$A:$C,3,FALSE),IFERROR(VLOOKUP(C44,파스텍EziServo규격!$A:$B,2,FALSE),"")) | F44: 1 | G44: 1 | H44: 1 | I44: 1 | J44: =IF(E44="","",ROUND(E44*$H$2,3)) | K44: ●
A45: 판넬2 | B45: GOOD_FD_INDEX | C45: MBDLN25BE | D45: =IFERROR(VLOOKUP(C45,파나소닉A6규격!$A:$B,2,FALSE),"") | E45: =IFERROR(VLOOKUP(C45,파나소닉A6규격!$A:$C,3,FALSE),IFERROR(VLOOKUP(C45,파스텍EziServo규격!$A:$B,2,FALSE),"")) | F45: 1 | G45: 1 | H45: 1 | I45: 1 | J45: =IF(E45="","",ROUND(E45*$H$2,3)) | K45: ●
A46: 판넬2 | B46: TURN_Y | C46: MBDLN25BE | D46: =IFERROR(VLOOKUP(C46,파나소닉A6규격!$A:$B,2,FALSE),"") | E46: =IFERROR(VLOOKUP(C46,파나소닉A6규격!$A:$C,3,FALSE),IFERROR(VLOOKUP(C46,파스텍EziServo규격!$A:$B,2,FALSE),"")) | F46: 1 | G46: 1 | H46: 1 | I46: 1 | J46: =IF(E46="","",ROUND(E46*$H$2,3)) | K46: ●
A47: 판넬2 | B47: TURN_GRIPPER_Y1 | C47: MADLN15BE | D47: =IFERROR(VLOOKUP(C47,파나소닉A6규격!$A:$B,2,FALSE),"") | E47: =IFERROR(VLOOKUP(C47,파나소닉A6규격!$A:$C,3,FALSE),IFERROR(VLOOKUP(C47,파스텍EziServo규격!$A:$B,2,FALSE),"")) | F47: 1 | G47: 1 | H47: 1 | I47: 1 | J47: =IF(E47="","",ROUND(E47*$H$2,3)) | K47: ●
A48: 판넬2 | B48: TURN_GRIPPER_X1 | C48: MADLN15BE | D48: =IFERROR(VLOOKUP(C48,파나소닉A6규격!$A:$B,2,FALSE),"") | E48: =IFERROR(VLOOKUP(C48,파나소닉A6규격!$A:$C,3,FALSE),IFERROR(VLOOKUP(C48,파스텍EziServo규격!$A:$B,2,FALSE),"")) | F48: 1 | G48: 1 | H48: 1 | I48: 1 | J48: =IF(E48="","",ROUND(E48*$H$2,3)) | K48: ●
A49: 판넬2 | B49: TURN_GRIPPER_Z1 | C49: MADLN05BE | D49: =IFERROR(VLOOKUP(C49,파나소닉A6규격!$A:$B,2,FALSE),"") | E49: =IFERROR(VLOOKUP(C49,파나소닉A6규격!$A:$C,3,FALSE),IFERROR(VLOOKUP(C49,파스텍EziServo규격!$A:$B,2,FALSE),"")) | F49: 1 | G49: 1 | H49: 1 | I49: 1 | J49: =IF(E49="","",ROUND(E49*$H$2,3)) | K49: ●
A50: 판넬2 | B50: TURN_GRIPPER_Y2 | C50: MADLN15BE | D50: =IFERROR(VLOOKUP(C50,파나소닉A6규격!$A:$B,2,FALSE),"") | E50: =IFERROR(VLOOKUP(C50,파나소닉A6규격!$A:$C,3,FALSE),IFERROR(VLOOKUP(C50,파스텍EziServo규격!$A:$B,2,FALSE),"")) | F50: 1 | G50: 1 | H50: 1 | I50: 1 | J50: =IF(E50="","",ROUND(E50*$H$2,3)) | K50: ●
A51: 판넬2 | B51: TURN_GRIPPER_X2 | C51: MADLN15BE | D51: =IFERROR(VLOOKUP(C51,파나소닉A6규격!$A:$B,2,FALSE),"") | E51: =IFERROR(VLOOKUP(C51,파나소닉A6규격!$A:$C,3,FALSE),IFERROR(VLOOKUP(C51,파스텍EziServo규격!$A:$B,2,FALSE),"")) | F51: 1 | G51: 1 | H51: 1 | I51: 1 | J51: =IF(E51="","",ROUND(E51*$H$2,3)) | K51: ●
A52: 판넬2 | B52: TURN_GRIPPER_Z2 | C52: MADLN05BE | D52: =IFERROR(VLOOKUP(C52,파나소닉A6규격!$A:$B,2,FALSE),"") | E52: =IFERROR(VLOOKUP(C52,파나소닉A6규격!$A:$C,3,FALSE),IFERROR(VLOOKUP(C52,파스텍EziServo규격!$A:$B,2,FALSE),"")) | F52: 1 | G52: 1 | H52: 1 | I52: 1 | J52: =IF(E52="","",ROUND(E52*$H$2,3)) | K52: ●
A53: 판넬2 | B53: BOT_MAC_Y | C53: MADLN15BE | D53: =IFERROR(VLOOKUP(C53,파나소닉A6규격!$A:$B,2,FALSE),"") | E53: =IFERROR(VLOOKUP(C53,파나소닉A6규격!$A:$C,3,FALSE),IFERROR(VLOOKUP(C53,파스텍EziServo규격!$A:$B,2,FALSE),"")) | F53: 1 | G53: 1 | H53: 1 | I53: 1 | J53: =IF(E53="","",ROUND(E53*$H$2,3)) | K53: ●
A54: ▶ 판넬 2 합계 | E54: =SUM(E41:E53) | J54: =SUM(J41:J53) | O54: 15 | P54: LS ABN15c | Q54: =TEXT(J54,"0.00")&"A×안전계수("&$F$2&")="&TEXT(J54*$F$2,"0.00")&"A → 15A 선정"
A55: 판넬 | B55: 축/유닛명 | C55: 드라이버/장치 모델 | D55: 출력W[자동] | E55: 정격전류[자동] | F55: 상수 | G55: R상 | H55: S상 | I55: T상 | J55: 설계전류(×수용률) | K55: AC3상 | L55: AC단상 | M55: DC24V | N55: 기타 | O55: 권장차단기 | P55: 제조사/모델 | Q55: 비고
A56: ■ 판넬 3 — AC 3상 서보드라이버 (파나소닉 A6)
A57: 판넬3 | B57: BOT_MAC_X | C57: MADLN15BE | D57: =IFERROR(VLOOKUP(C57,파나소닉A6규격!$A:$B,2,FALSE),"") | E57: =IFERROR(VLOOKUP(C57,파나소닉A6규격!$A:$C,3,FALSE),IFERROR(VLOOKUP(C57,파스텍EziServo규격!$A:$B,2,FALSE),"")) | F57: 1 | G57: 1 | H57: 1 | I57: 1 | J57: =IF(E57="","",ROUND(E57*$H$2,3)) | K57: ●
A58: 판넬3 | B58: BOT_MAC_Z | C58: MADLN05BE | D58: =IFERROR(VLOOKUP(C58,파나소닉A6규격!$A:$B,2,FALSE),"") | E58: =IFERROR(VLOOKUP(C58,파나소닉A6규격!$A:$C,3,FALSE),IFERROR(VLOOKUP(C58,파스텍EziServo규격!$A:$B,2,FALSE),"")) | F58: 1 | G58: 1 | H58: 1 | I58: 1 | J58: =IF(E58="","",ROUND(E58*$H$2,3)) | K58: ●
A59: 판넬3 | B59: BOT_MIC_Y | C59: MADLN15BE | D59: =IFERROR(VLOOKUP(C59,파나소닉A6규격!$A:$B,2,FALSE),"") | E59: =IFERROR(VLOOKUP(C59,파나소닉A6규격!$A:$C,3,FALSE),IFERROR(VLOOKUP(C59,파스텍EziServo규격!$A:$B,2,FALSE),"")) | F59: 1 | G59: 1 | H59: 1 | I59: 1 | J59: =IF(E59="","",ROUND(E59*$H$2,3)) | K59: ●
A60: 판넬3 | B60: BOT_MIC_X | C60: MADLN15BE | D60: =IFERROR(VLOOKUP(C60,파나소닉A6규격!$A:$B,2,FALSE),"") | E60: =IFERROR(VLOOKUP(C60,파나소닉A6규격!$A:$C,3,FALSE),IFERROR(VLOOKUP(C60,파스텍EziServo규격!$A:$B,2,FALSE),"")) | F60: 1 | G60: 1 | H60: 1 | I60: 1 | J60: =IF(E60="","",ROUND(E60*$H$2,3)) | K60: ●
A61: 판넬3 | B61: BOT_MIC_Z | C61: MADLN05BE | D61: =IFERROR(VLOOKUP(C61,파나소닉A6규격!$A:$B,2,FALSE),"") | E61: =IFERROR(VLOOKUP(C61,파나소닉A6규격!$A:$C,3,FALSE),IFERROR(VLOOKUP(C61,파스텍EziServo규격!$A:$B,2,FALSE),"")) | F61: 1 | G61: 1 | H61: 1 | I61: 1 | J61: =IF(E61="","",ROUND(E61*$H$2,3)) | K61: ●
A62: 판넬3 | B62: LO_ATC_X | C62: MADLN15BE | D62: =IFERROR(VLOOKUP(C62,파나소닉A6규격!$A:$B,2,FALSE),"") | E62: =IFERROR(VLOOKUP(C62,파나소닉A6규격!$A:$C,3,FALSE),IFERROR(VLOOKUP(C62,파스텍EziServo규격!$A:$B,2,FALSE),"")) | F62: 1 | G62: 1 | H62: 1 | I62: 1 | J62: =IF(E62="","",ROUND(E62*$H$2,3)) | K62: ●
A63: 판넬3 | B63: LO_ATC_Z | C63: MADLN15BE | D63: =IFERROR(VLOOKUP(C63,파나소닉A6규격!$A:$B,2,FALSE),"") | E63: =IFERROR(VLOOKUP(C63,파나소닉A6규격!$A:$C,3,FALSE),IFERROR(VLOOKUP(C63,파스텍EziServo규격!$A:$B,2,FALSE),"")) | F63: 1 | G63: 1 | H63: 1 | I63: 1 | J63: =IF(E63="","",ROUND(E63*$H$2,3)) | K63: ●
A64: 판넬3 | B64: SIDE_X1 | C64: MADLN05BE | D64: =IFERROR(VLOOKUP(C64,파나소닉A6규격!$A:$B,2,FALSE),"") | E64: =IFERROR(VLOOKUP(C64,파나소닉A6규격!$A:$C,3,FALSE),IFERROR(VLOOKUP(C64,파스텍EziServo규격!$A:$B,2,FALSE),"")) | F64: 1 | G64: 1 | H64: 1 | I64: 1 | J64: =IF(E64="","",ROUND(E64*$H$2,3)) | K64: ●
A65: 판넬3 | B65: SIDE_Y1 | C65: MADLN15BE | D65: =IFERROR(VLOOKUP(C65,파나소닉A6규격!$A:$B,2,FALSE),"") | E65: =IFERROR(VLOOKUP(C65,파나소닉A6규격!$A:$C,3,FALSE),IFERROR(VLOOKUP(C65,파스텍EziServo규격!$A:$B,2,FALSE),"")) | F65: 1 | G65: 1 | H65: 1 | I65: 1 | J65: =IF(E65="","",ROUND(E65*$H$2,3)) | K65: ●
A66: 판넬3 | B66: SIDE_T1 | C66: MADLN05BE | D66: =IFERROR(VLOOKUP(C66,파나소닉A6규격!$A:$B,2,FALSE),"") | E66: =IFERROR(VLOOKUP(C66,파나소닉A6규격!$A:$C,3,FALSE),IFERROR(VLOOKUP(C66,파스텍EziServo규격!$A:$B,2,FALSE),"")) | F66: 1 | G66: 1 | H66: 1 | I66: 1 | J66: =IF(E66="","",ROUND(E66*$H$2,3)) | K66: ●
A67: 판넬3 | B67: SIDE_X2 | C67: MADLN05BE | D67: =IFERROR(VLOOKUP(C67,파나소닉A6규격!$A:$B,2,FALSE),"") | E67: =IFERROR(VLOOKUP(C67,파나소닉A6규격!$A:$C,3,FALSE),IFERROR(VLOOKUP(C67,파스텍EziServo규격!$A:$B,2,FALSE),"")) | F67: 1 | G67: 1 | H67: 1 | I67: 1 | J67: =IF(E67="","",ROUND(E67*$H$2,3)) | K67: ●
A68: 판넬3 | B68: SIDE_Y2 | C68: MADLN15BE | D68: =IFERROR(VLOOKUP(C68,파나소닉A6규격!$A:$B,2,FALSE),"") | E68: =IFERROR(VLOOKUP(C68,파나소닉A6규격!$A:$C,3,FALSE),IFERROR(VLOOKUP(C68,파스텍EziServo규격!$A:$B,2,FALSE),"")) | F68: 1 | G68: 1 | H68: 1 | I68: 1 | J68: =IF(E68="","",ROUND(E68*$H$2,3)) | K68: ●
A69: 판넬3 | B69: SIDE_T2 | C69: MADLN05BE | D69: =IFERROR(VLOOKUP(C69,파나소닉A6규격!$A:$B,2,FALSE),"") | E69: =IFERROR(VLOOKUP(C69,파나소닉A6규격!$A:$C,3,FALSE),IFERROR(VLOOKUP(C69,파스텍EziServo규격!$A:$B,2,FALSE),"")) | F69: 1 | G69: 1 | H69: 1 | I69: 1 | J69: =IF(E69="","",ROUND(E69*$H$2,3)) | K69: ●
A70: 판넬3 | B70: SIDE_X3 | C70: MADLN05BE | D70: =IFERROR(VLOOKUP(C70,파나소닉A6규격!$A:$B,2,FALSE),"") | E70: =IFERROR(VLOOKUP(C70,파나소닉A6규격!$A:$C,3,FALSE),IFERROR(VLOOKUP(C70,파스텍EziServo규격!$A:$B,2,FALSE),"")) | F70: 1 | G70: 1 | H70: 1 | I70: 1 | J70: =IF(E70="","",ROUND(E70*$H$2,3)) | K70: ●
A71: 판넬3 | B71: SIDE_Y3 | C71: MADLN15BE | D71: =IFERROR(VLOOKUP(C71,파나소닉A6규격!$A:$B,2,FALSE),"") | E71: =IFERROR(VLOOKUP(C71,파나소닉A6규격!$A:$C,3,FALSE),IFERROR(VLOOKUP(C71,파스텍EziServo규격!$A:$B,2,FALSE),"")) | F71: 1 | G71: 1 | H71: 1 | I71: 1 | J71: =IF(E71="","",ROUND(E71*$H$2,3)) | K71: ●
A72: 판넬3 | B72: SIDE_T3 | C72: MADLN05BE | D72: =IFERROR(VLOOKUP(C72,파나소닉A6규격!$A:$B,2,FALSE),"") | E72: =IFERROR(VLOOKUP(C72,파나소닉A6규격!$A:$C,3,FALSE),IFERROR(VLOOKUP(C72,파스텍EziServo규격!$A:$B,2,FALSE),"")) | F72: 1 | G72: 1 | H72: 1 | I72: 1 | J72: =IF(E72="","",ROUND(E72*$H$2,3)) | K72: ●
A73: 판넬3 | B73: LO_EV | C73: MCDLN35BE | D73: =IFERROR(VLOOKUP(C73,파나소닉A6규격!$A:$B,2,FALSE),"") | E73: =IFERROR(VLOOKUP(C73,파나소닉A6규격!$A:$C,3,FALSE),IFERROR(VLOOKUP(C73,파스텍EziServo규격!$A:$B,2,FALSE),"")) | F73: 1 | G73: 1 | H73: 1 | I73: 1 | J73: =IF(E73="","",ROUND(E73*$H$2,3)) | K73: ●
A74: 판넬3 | B74: LO_FD | C74: MADLN05BE | D74: =IFERROR(VLOOKUP(C74,파나소닉A6규격!$A:$B,2,FALSE),"") | E74: =IFERROR(VLOOKUP(C74,파나소닉A6규격!$A:$C,3,FALSE),IFERROR(VLOOKUP(C74,파스텍EziServo규격!$A:$B,2,FALSE),"")) | F74: 1 | G74: 1 | H74: 1 | I74: 1 | J74: =IF(E74="","",ROUND(E74*$H$2,3)) | K74: ●
A75: 판넬3 | B75: LO_FD_Z | C75: MBDLN25BE | D75: =IFERROR(VLOOKUP(C75,파나소닉A6규격!$A:$B,2,FALSE),"") | E75: =IFERROR(VLOOKUP(C75,파나소닉A6규격!$A:$C,3,FALSE),IFERROR(VLOOKUP(C75,파스텍EziServo규격!$A:$B,2,FALSE),"")) | F75: 1 | G75: 1 | H75: 1 | I75: 1 | J75: =IF(E75="","",ROUND(E75*$H$2,3)) | K75: ●
A76: 판넬3 | B76: LO_FD_ALIGN | C76: MADLN05BE | D76: =IFERROR(VLOOKUP(C76,파나소닉A6규격!$A:$B,2,FALSE),"") | E76: =IFERROR(VLOOKUP(C76,파나소닉A6규격!$A:$C,3,FALSE),IFERROR(VLOOKUP(C76,파스텍EziServo규격!$A:$B,2,FALSE),"")) | F76: 1 | G76: 1 | H76: 1 | I76: 1 | J76: =IF(E76="","",ROUND(E76*$H$2,3)) | K76: ●
A77: 판넬3 | B77: LO_FD_INDEX | C77: MBDLN25BE | D77: =IFERROR(VLOOKUP(C77,파나소닉A6규격!$A:$B,2,FALSE),"") | E77: =IFERROR(VLOOKUP(C77,파나소닉A6규격!$A:$C,3,FALSE),IFERROR(VLOOKUP(C77,파스텍EziServo규격!$A:$B,2,FALSE),"")) | F77: 1 | G77: 1 | H77: 1 | I77: 1 | J77: =IF(E77="","",ROUND(E77*$H$2,3)) | K77: ●
A78: ▶ 판넬 3 합계 | E78: =SUM(E57:E77) | J78: =SUM(J57:J77) | O78: 20 | P78: LS ABN20c | Q78: =TEXT(J78,"0.00")&"A×안전계수("&$F$2&")="&TEXT(J78*$F$2,"0.00")&"A → 20A 선정"
A79: 판넬 | B79: 축/유닛명 | C79: 드라이버/장치 모델 | D79: 출력W[자동] | E79: 정격전류[자동] | F79: 상수 | G79: R상 | H79: S상 | I79: T상 | J79: 설계전류(×수용률) | K79: AC3상 | L79: AC단상 | M79: DC24V | N79: 기타 | O79: 권장차단기 | P79: 제조사/모델 | Q79: 비고
A80: ■ 파스텍 EziSpeed (AC 단상 입력) — 판넬 3 SIDE 검사
A81: 판넬3 | B81: EZI_SPEED_1 | C81: EZI-SPEED60H30CR100P | D81: =IFERROR(VLOOKUP(C81,파나소닉A6규격!$A:$B,2,FALSE),"") | E81: =IFERROR(VLOOKUP(C81,파나소닉A6규격!$A:$C,3,FALSE),IFERROR(VLOOKUP(C81,파스텍EziServo규격!$A:$B,2,FALSE),"")) | F81: 1 | G81: 0 | H81: 0 | I81: 0 | J81: =IF(E81="","",ROUND(E81*$H$2,3)) | L81: ● | Q81: SIDE 검사 #1
A82: 판넬3 | B82: EZI_SPEED_2 | C82: EZI-SPEED60H30CR100P | D82: =IFERROR(VLOOKUP(C82,파나소닉A6규격!$A:$B,2,FALSE),"") | E82: =IFERROR(VLOOKUP(C82,파나소닉A6규격!$A:$C,3,FALSE),IFERROR(VLOOKUP(C82,파스텍EziServo규격!$A:$B,2,FALSE),"")) | F82: 1 | G82: 0 | H82: 0 | I82: 0 | J82: =IF(E82="","",ROUND(E82*$H$2,3)) | L82: ● | Q82: SIDE 검사 #2
A83: 판넬3 | B83: EZI_SPEED_3 | C83: EZI-SPEED60H30CR100P | D83: =IFERROR(VLOOKUP(C83,파나소닉A6규격!$A:$B,2,FALSE),"") | E83: =IFERROR(VLOOKUP(C83,파나소닉A6규격!$A:$C,3,FALSE),IFERROR(VLOOKUP(C83,파스텍EziServo규격!$A:$B,2,FALSE),"")) | F83: 1 | G83: 0 | H83: 0 | I83: 0 | J83: =IF(E83="","",ROUND(E83*$H$2,3)) | L83: ● | Q83: SIDE 검사 #3
A84: 판넬3 | B84: EZI_SPEED_4 | C84: EZI-SPEED60H30CR100P | D84: =IFERROR(VLOOKUP(C84,파나소닉A6규격!$A:$B,2,FALSE),"") | E84: =IFERROR(VLOOKUP(C84,파나소닉A6규격!$A:$C,3,FALSE),IFERROR(VLOOKUP(C84,파스텍EziServo규격!$A:$B,2,FALSE),"")) | F84: 1 | G84: 0 | H84: 0 | I84: 0 | J84: =IF(E84="","",ROUND(E84*$H$2,3)) | L84: ● | Q84: SIDE 검사 #4
A85: 판넬3 | B85: EZI_SPEED_5 | C85: EZI-SPEED60H30CR100P | D85: =IFERROR(VLOOKUP(C85,파나소닉A6규격!$A:$B,2,FALSE),"") | E85: =IFERROR(VLOOKUP(C85,파나소닉A6규격!$A:$C,3,FALSE),IFERROR(VLOOKUP(C85,파스텍EziServo규격!$A:$B,2,FALSE),"")) | F85: 1 | G85: 0 | H85: 0 | I85: 0 | J85: =IF(E85="","",ROUND(E85*$H$2,3)) | L85: ● | Q85: SIDE 검사 #5
A86: 판넬3 | B86: EZI_SPEED_6 | C86: EZI-SPEED60H30CR100P | D86: =IFERROR(VLOOKUP(C86,파나소닉A6규격!$A:$B,2,FALSE),"") | E86: =IFERROR(VLOOKUP(C86,파나소닉A6규격!$A:$C,3,FALSE),IFERROR(VLOOKUP(C86,파스텍EziServo규격!$A:$B,2,FALSE),"")) | F86: 1 | G86: 0 | H86: 0 | I86: 0 | J86: =IF(E86="","",ROUND(E86*$H$2,3)) | L86: ● | Q86: SIDE 검사 #6
A87: 판넬 | B87: 축/유닛명 | C87: 드라이버/장치 모델 | D87: 출력W[자동] | E87: 정격전류[자동] | F87: 상수 | G87: R상 | H87: S상 | I87: T상 | J87: 설계전류(×수용률) | K87: AC3상 | L87: AC단상 | M87: DC24V | N87: 기타 | O87: 권장차단기 | P87: 제조사/모델 | Q87: 비고
A88: ■ 판넬 4 — AC 3상 서보드라이버 (파나소닉 A6)
A89: 판넬4 | B89: TOP_MAC_Y | C89: MADLN15BE | D89: =IFERROR(VLOOKUP(C89,파나소닉A6규격!$A:$B,2,FALSE),"") | E89: =IFERROR(VLOOKUP(C89,파나소닉A6규격!$A:$C,3,FALSE),IFERROR(VLOOKUP(C89,파스텍EziServo규격!$A:$B,2,FALSE),"")) | F89: 1 | G89: 1 | H89: 1 | I89: 1 | J89: =IF(E89="","",ROUND(E89*$H$2,3)) | K89: ●
A90: 판넬4 | B90: TOP_MAC_X | C90: MADLN15BE | D90: =IFERROR(VLOOKUP(C90,파나소닉A6규격!$A:$B,2,FALSE),"") | E90: =IFERROR(VLOOKUP(C90,파나소닉A6규격!$A:$C,3,FALSE),IFERROR(VLOOKUP(C90,파스텍EziServo규격!$A:$B,2,FALSE),"")) | F90: 1 | G90: 1 | H90: 1 | I90: 1 | J90: =IF(E90="","",ROUND(E90*$H$2,3)) | K90: ●
A91: 판넬4 | B91: TOP_MAC_Z | C91: MADLN05BE | D91: =IFERROR(VLOOKUP(C91,파나소닉A6규격!$A:$B,2,FALSE),"") | E91: =IFERROR(VLOOKUP(C91,파나소닉A6규격!$A:$C,3,FALSE),IFERROR(VLOOKUP(C91,파스텍EziServo규격!$A:$B,2,FALSE),"")) | F91: 1 | G91: 1 | H91: 1 | I91: 1 | J91: =IF(E91="","",ROUND(E91*$H$2,3)) | K91: ●
A92: 판넬4 | B92: TOP_MIC_Y | C92: MADLN15BE | D92: =IFERROR(VLOOKUP(C92,파나소닉A6규격!$A:$B,2,FALSE),"") | E92: =IFERROR(VLOOKUP(C92,파나소닉A6규격!$A:$C,3,FALSE),IFERROR(VLOOKUP(C92,파스텍EziServo규격!$A:$B,2,FALSE),"")) | F92: 1 | G92: 1 | H92: 1 | I92: 1 | J92: =IF(E92="","",ROUND(E92*$H$2,3)) | K92: ●
A93: 판넬4 | B93: TOP_MIC_X | C93: MADLN15BE | D93: =IFERROR(VLOOKUP(C93,파나소닉A6규격!$A:$B,2,FALSE),"") | E93: =IFERROR(VLOOKUP(C93,파나소닉A6규격!$A:$C,3,FALSE),IFERROR(VLOOKUP(C93,파스텍EziServo규격!$A:$B,2,FALSE),"")) | F93: 1 | G93: 1 | H93: 1 | I93: 1 | J93: =IF(E93="","",ROUND(E93*$H$2,3)) | K93: ●
A94: 판넬4 | B94: TOP_MIC_Z | C94: MADLN05BE | D94: =IFERROR(VLOOKUP(C94,파나소닉A6규격!$A:$B,2,FALSE),"") | E94: =IFERROR(VLOOKUP(C94,파나소닉A6규격!$A:$C,3,FALSE),IFERROR(VLOOKUP(C94,파스텍EziServo규격!$A:$B,2,FALSE),"")) | F94: 1 | G94: 1 | H94: 1 | I94: 1 | J94: =IF(E94="","",ROUND(E94*$H$2,3)) | K94: ●
A95: 판넬4 | B95: INSPEC_CONV1 | C95: MADLN15BE | D95: =IFERROR(VLOOKUP(C95,파나소닉A6규격!$A:$B,2,FALSE),"") | E95: =IFERROR(VLOOKUP(C95,파나소닉A6규격!$A:$C,3,FALSE),IFERROR(VLOOKUP(C95,파스텍EziServo규격!$A:$B,2,FALSE),"")) | F95: 1 | G95: 1 | H95: 1 | I95: 1 | J95: =IF(E95="","",ROUND(E95*$H$2,3)) | K95: ●
A96: 판넬4 | B96: INSPEC_CONV2 | C96: MADLN15BE | D96: =IFERROR(VLOOKUP(C96,파나소닉A6규격!$A:$B,2,FALSE),"") | E96: =IFERROR(VLOOKUP(C96,파나소닉A6규격!$A:$C,3,FALSE),IFERROR(VLOOKUP(C96,파스텍EziServo규격!$A:$B,2,FALSE),"")) | F96: 1 | G96: 1 | H96: 1 | I96: 1 | J96: =IF(E96="","",ROUND(E96*$H$2,3)) | K96: ●
A97: 판넬4 | B97: JIG_PLATE_CONV1 | C97: MADLN15BE | D97: =IFERROR(VLOOKUP(C97,파나소닉A6규격!$A:$B,2,FALSE),"") | E97: =IFERROR(VLOOKUP(C97,파나소닉A6규격!$A:$C,3,FALSE),IFERROR(VLOOKUP(C97,파스텍EziServo규격!$A:$B,2,FALSE),"")) | F97: 1 | G97: 1 | H97: 1 | I97: 1 | J97: =IF(E97="","",ROUND(E97*$H$2,3)) | K97: ●
A98: 판넬4 | B98: JIG_PLATE_CONV2 | C98: MADLN15BE | D98: =IFERROR(VLOOKUP(C98,파나소닉A6규격!$A:$B,2,FALSE),"") | E98: =IFERROR(VLOOKUP(C98,파나소닉A6규격!$A:$C,3,FALSE),IFERROR(VLOOKUP(C98,파스텍EziServo규격!$A:$B,2,FALSE),"")) | F98: 1 | G98: 1 | H98: 1 | I98: 1 | J98: =IF(E98="","",ROUND(E98*$H$2,3)) | K98: ●
A99: 판넬4 | B99: LO_JIG_TRANS_Y | C99: MADLN05BE | D99: =IFERROR(VLOOKUP(C99,파나소닉A6규격!$A:$B,2,FALSE),"") | E99: =IFERROR(VLOOKUP(C99,파나소닉A6규격!$A:$C,3,FALSE),IFERROR(VLOOKUP(C99,파스텍EziServo규격!$A:$B,2,FALSE),"")) | F99: 1 | G99: 1 | H99: 1 | I99: 1 | J99: =IF(E99="","",ROUND(E99*$H$2,3)) | K99: ●
A100: 판넬4 | B100: LO_JIG_TRANS_Z | C100: MADLN05BE | D100: =IFERROR(VLOOKUP(C100,파나소닉A6규격!$A:$B,2,FALSE),"") | E100: =IFERROR(VLOOKUP(C100,파나소닉A6규격!$A:$C,3,FALSE),IFERROR(VLOOKUP(C100,파스텍EziServo규격!$A:$B,2,FALSE),"")) | F100: 1 | G100: 1 | H100: 1 | I100: 1 | J100: =IF(E100="","",ROUND(E100*$H$2,3)) | K100: ●
A101: 판넬4 | B101: TURN_PLATE | C101: MADLN05BE | D101: =IFERROR(VLOOKUP(C101,파나소닉A6규격!$A:$B,2,FALSE),"") | E101: =IFERROR(VLOOKUP(C101,파나소닉A6규격!$A:$C,3,FALSE),IFERROR(VLOOKUP(C101,파스텍EziServo규격!$A:$B,2,FALSE),"")) | F101: 1 | G101: 1 | H101: 1 | I101: 1 | J101: =IF(E101="","",ROUND(E101*$H$2,3)) | K101: ●
A102: 판넬4 | B102: INSEPC_Y | C102: MDDLN55BL | D102: =IFERROR(VLOOKUP(C102,파나소닉A6규격!$A:$B,2,FALSE),"") | E102: =IFERROR(VLOOKUP(C102,파나소닉A6규격!$A:$C,3,FALSE),IFERROR(VLOOKUP(C102,파스텍EziServo규격!$A:$B,2,FALSE),"")) | F102: 1 | G102: 1 | H102: 1 | I102: 1 | J102: =IF(E102="","",ROUND(E102*$H$2,3)) | K102: ●
A103: 판넬4 | B103: INSPEC_X | C103: MCDLN35BL | D103: =IFERROR(VLOOKUP(C103,파나소닉A6규격!$A:$B,2,FALSE),"") | E103: =IFERROR(VLOOKUP(C103,파나소닉A6규격!$A:$C,3,FALSE),IFERROR(VLOOKUP(C103,파스텍EziServo규격!$A:$B,2,FALSE),"")) | F103: 1 | G103: 1 | H103: 1 | I103: 1 | J103: =IF(E103="","",ROUND(E103*$H$2,3)) | K103: ●
...

Sheet 파나소닉A6규격
A1: 파나소닉 A6 서보드라이버 정격입력전류 (카탈로그 기준, 3상 AC200V)
A2: 드라이버 모델 | B2: 정격출력 (W) | C2: 정격입력전류 (A) | D2: 비고
A3: MADLN05BE | B3: 50 | C3: 0.3 | D3: 50W 서보드라이버
A4: MADLN10BE | B4: 100 | C4: 0.5 | D4: 100W 서보드라이버
A5: MADLN15BE | B5: 200 | C5: 1 | D5: 200W 서보드라이버
A6: MBDLN25BE | B6: 400 | C6: 1.5 | D6: 400W 서보드라이버
A7: MCDLN35BL | B7: 750 | C7: 2.4 | D7: 750W 서보드라이버 (BL)
A8: MCDLN35BE | B8: 750 | C8: 2.4 | D8: 750W 서보드라이버 (BE)
A9: MDDLN55BL | B9: 1000 | C9: 3.4 | D9: 1kW 서보드라이버 (BL)
A10: MDDLN55BE | B10: 1000 | C10: 3.4 | D10: 1kW 서보드라이버 (BE)
A11: MDDLN85BL | B11: 1500 | C11: 5.5 | D11: 1.5kW 서보드라이버 (BL)
A13: ※ A열 모델명과 메인시트 C열 코드 정확히 일치 필요 | 카탈로그 정격입력전류 기준 | 모델 추가 시 이 시트에 행 추가
A15: 파나소닉 A6 서보드라이버 규격표 (MINAS A6 Series)
A16: 드라이버 모델 | B16: 대응 모터 | C16: 정격출력(W) | D16: 전원 | E16: 정격입력전류(A) | F16: 최대입력전류(A) | G16: 제어방식 | H16: 통신 | I16: 특이사항 | J16: 비고
A17: MADLN05BE | B17: MSMF/MQMF 50W | C17: 50 | D17: AC3상 200V | E17: 0.3 | F17: 0.8 | G17: Full-Closed | H17: EtherCAT/Modbus | I17: 소형 단축용
A18: MADLN10BE | B18: MSMF/MQMF 100W | C18: 100 | D18: AC3상 200V | E18: 0.5 | F18: 1.2 | G18: Full-Closed | H18: EtherCAT/Modbus
A19: MADLN15BE | B19: MSMF/MQMF 200W | C19: 200 | D19: AC3상 200V | E19: 1 | F19: 2.4 | G19: Full-Closed | H19: EtherCAT/Modbus
A20: MBDLN25BE | B20: MSMF/MQMF 400W | C20: 400 | D20: AC3상 200V | E20: 1.5 | F20: 4 | G20: Full-Closed | H20: EtherCAT/Modbus
A21: MCDLN35BL | B21: MSMF/MQMF 750W | C21: 750 | D21: AC3상 200V | E21: 2.4 | F21: 7 | G21: Full-Closed | H21: EtherCAT/Modbus | I21: 중형 축용
A22: MCDLN35BE | B22: MSMF/MQMF 750W | C22: 750 | D22: AC3상 200V | E22: 2.4 | F22: 7 | G22: Full-Closed | H22: EtherCAT/Modbus | I22: Brake 내장형
A23: MDDLN55BL | B23: MSMF 1kW | C23: 1000 | D23: AC3상 200V | E23: 3.4 | F23: 10 | G23: Full-Closed | H23: EtherCAT/Modbus | I23: 대형 주축용
A24: MDDLN85BL | B24: MSMF 1.5kW | C24: 1500 | D24: AC3상 200V | E24: 5.5 | F24: 15 | G24: Full-Closed | H24: EtherCAT/Modbus
A25: MEDLN15BL | B25: MSMF 2kW | C25: 2000 | D25: AC3상 200V | E25: 7.5 | F25: 20 | G25: Full-Closed | H25: EtherCAT/Modbus
A26: MFDLN23BL | B26: MSMF 3kW | C26: 3000 | D26: AC3상 200V | E26: 11 | F26: 30 | G26: Full-Closed | H26: EtherCAT/Modbus | I26: 고출력
A27: ※ 정격입력전류: I = P_출력(VA) ÷ (√3 × V_입력 × PF) | 안전계수 1.25 적용 후 차단기 선정 | 출처: Panasonic MINAS A6 Catalog

Sheet 파스텍EziServo규격
A1: 파스텍 EZS2/EziServo 정격전류 (VLOOKUP 소스)
A2: 드라이버 모델 | B2: 정격전류 (A) | C2: 비고
A3: EZS2-EC-42M | B3: 1.2 | C3: DC 24V 입력 스텝서보
A4: EZS2-EC-42XL | B4: 1.2 | C4: DC 24V 입력 스텝서보 (XL)
A5: Ezi-EC-42M-A | B5: 1.5 | C5: AC 입력 스텝서보
A6: Ezi-EC-42XL-A | B6: 2 | C6: AC 입력 스텝서보 (XL)
A7: EZI-SPEED60H30CR100P | B7: 1 | C7: DC 24V 입력 스텝모터드라이버

Sheet 차단기 규격 참조표
A1: 차단기 규격 참조표 (MCCB / MCB 3P, AC 220V)
A3: 정격전류 (A) | B3: 적용 부하전류 범위 (A) | C3: 제조사 | D3: 모델 (3P) | E3: 비고
A4: 3 | B4: ~2.4A | C4: LS/Chint | D4: ABN3c / NXB-63 | E4: 조명, 소형 제어회로
A5: 5 | B5: 2.4~4A | C5: LS/Chint | D5: ABN5c / NXB-63 | E5: 소형 I/O, 팬
A6: 10 | B6: 4~8A | C6: LS/Chint | D6: ABN10c / NXB-63 | E6: 소형 서보 1~2축
A7: 15 | B7: 8~12A | C7: LS/Chint | D7: ABN15c / NXB-63 | E7: 판넬2 권장
A8: 20 | B8: 12~16A | C8: LS/Chint | D8: ABN20c / NXB-63 | E8: 판넬1/3/4 권장
A9: 25 | B9: 16~20A | C9: LS/Chint | D9: ABN25c / NXB-63
A10: 30 | B10: 20~24A | C10: LS/Chint | D10: ABN30c / NXB-63 | E10: 다축 서보 판넬
A11: 40 | B11: 24~32A | C11: LS/Chint | D11: ABN40c
A12: 50 | B12: 32~40A | C12: LS/Chint | D12: ABN50c
A13: 63 | B13: 40~50A | C13: LS/Chint | D13: ABN63c | E13: 대형 판넬
A14: 75 | B14: 50~60A | C14: LS/Chint | D14: ABN75c | E14: 메인 차단기 (판넬 합산)
A15: 100 | B15: 60~80A | C15: LS/Chint | D15: ABN100c
